,gender,race,age,dir,p_year,party,major,degree,avg
0,1,1,6,3,6,1,4.0,3,1
1,1,1,6,6,5,1,2.0,3,1
2,1,1,7,2,5,1,1.0,2,1
3,1,1,6,6,5,1,3.0,2,1
4,1,1,6,6,5,1,4.0,2,0
5,1,1,5,3,5,1,1.0,4,1
6,1,1,6,6,5,1,2.0,2,1
7,1,1,4,6,5,1,5.0,2,1
8,1,1,7,2,6,1,7.0,2,1
9,1,1,6,2,5,1,1.0,2,1
10,1,1,7,6,6,1,1.0,4,1
11,2,1,7,2,6,1,1.0,4,1
12,1,1,5,3,5,1,1.0,2,1
13,1,1,5,6,5,1,1.0,2,1
14,1,1,5,6,5,1,3.0,1,1
15,1,1,7,6,6,1,9.0,3,0
16,1,1,6,6,6,1,1.0,4,0
17,1,1,7,3,6,1,1.0,4,1
18,1,1,6,6,5,1,3.0,2,0
19,1,1,6,5,5,1,1.0,3,1
20,1,1,5,6,5,1,1.0,4,1
21,1,1,4,5,5,1,3.0,1,1
22,1,1,6,6,6,1,1.0,3,1
23,1,1,5,6,5,1,1.0,3,1
24,1,1,6,6,5,1,2.0,3,1
25,1,1,6,2,6,1,2.0,2,1
26,1,1,6,6,6,1,4.0,2,0
27,1,1,6,5,6,1,1.0,2,1
28,2,1,5,6,5,1,1.0,4,1
29,1,1,6,5,5,1,2.0,1,1
30,1,2,6,3,5,1,2.0,1,0
31,1,1,5,5,1.0,3,4.0,3,0
32,1,1,6,6,1.0,3,11.0,3,0
33,1,1,5,1,5,1,1.0,4,1
34,1,2,6,4,6,1,1.0,4,1
35,1,1,5,6,1.0,3,5.0,3,0
36,1,1,5,6,1.0,3,4.0,3,1
37,1,1,5,6,1.0,3,3.0,3,1
38,1,1,5,2,1.0,3,5.0,3,1
39,1,1,6,1,6,1,3.0,2,1
40,1,1,6,2,5,1,2.0,2,0
41,1,1,5,1,4,1,2.0,3,1
42,1,1,6,6,5,1,1.0,4,1
43,1,1,6,6,6,1,2.0,2,0
44,1,2,7,4,2.0,2,9.0,1,0
45,1,1,6,6,1.0,3,3.0,3,0
46,1,1,6,7,2.0,2,2.0,1,1
47,1,1,6,6,5,1,2.0,1,1
48,1,2,5,3,5,1,4.0,3,1
49,1,2,6,7,4,1,2.0,1,0
50,1,1,6,1,1.0,3,3.0,3,0
51,1,1,6,6,2.0,2,2.0,1,0
52,1,1,6,2,6,1,2.0,3,1
53,1,1,6,6,5,1,1.0,4,1
54,2,1,6,1,5,1,2.0,3,1
55,1,2,6,1,5,1,2.0,2,0
56,1,1,5,6,4,1,4.0,3,1
57,1,1,6,7,5,1,2.0,3,1
58,2,1,5,7,1.0,3,4.0,1,1
59,1,1,5,5,1.0,3,3.0,1,0
60,1,1,5,5,1.0,3,2.0,3,0
61,1,1,6,2,1.0,3,9.0,3,0
62,1,1,6,1,1.0,3,11.0,3,1
63,1,1,5,1,1.0,3,9.0,3,1
64,1,1,5,6,1.0,3,3.0,3,1
65,1,1,5,2,4,1,2.0,2,1
66,2,1,3,2,4,1,4.0,1,1
67,1,1,4,6,5,1,2.0,1,1
68,1,1,4,1,5,1,3.0,3,0
69,1,1,4,6,4,1,1.0,3,1
70,1,1,2,5,4,1,2.0,3,1
71,1,1,4,1,5,1,2.0,2,1
72,1,2,3,1,4,1,1.0,2,1
73,1,1,4,2,5,1,3.0,3,1
74,1,1,5,6,5,1,4.0,3,0
75,1,1,2,5,3,1,3.0,2,1
76,1,1,4,2,4,1,2.0,3,0
77,1,1,4,6,5,1,4.0,2,1
78,1,1,4,2,4,1,1.0,2,1
79,1,1,3,1,4,1,2.0,3,1
80,1,1,4,2,4,1,1.0,2,1
81,1,1,3,6,4,1,7.0,2,1
82,1,1,4,2,5,1,3.0,3,0
83,2,1,3,2,3,1,7.0,1,0
84,1,1,4,2,4,1,3.0,1,0
85,1,1,4,5,4,1,1.0,2,1
86,1,1,4,5,5,1,2.0,3,1
87,2,2,4,1,1.0,3,6.0,3,0
88,1,1,2,2,4,1,1.0,2,0
89,1,1,2,5,3,1,2.0,2,0
90,1,1,4,5,4,1,4.0,2,1
91,1,1,3,1,4,1,2.0,3,1
92,1,1,4,5,4,1,6.0,2,1
93,1,1,3,2,4,1,10.0,1,1
94,1,1,4,2,5,1,2.0,3,0
95,1,1,2,2,4,1,1.0,3,1
96,1,1,5,7,5,1,6.0,3,1
97,1,1,4,2,5,1,5.0,2,0
98,1,1,4,2,5,1,2.0,2,1
99,1,1,5,3,5,1,2.0,2,1
100,1,1,4,2,5,1,6.0,2,1
101,1,1,4,2,5,1,4.0,2,1
102,1,1,3,2,4,1,3.0,3,1
103,1,1,3,2,4,1,2.0,2,1
104,1,2,4,2,5,1,4.0,3,1
105,1,1,5,6,5,1,2.0,2,1
106,1,1,4,6,4,1,5.0,3,0
107,1,1,4,2,5,1,7.0,2,1
108,1,1,3,1,4,1,1.0,2,1
109,1,1,4,2,4,1,3.0,1,1
110,1,1,3,2,4,1,2.0,1,1
111,2,1,4,2,4,1,1.0,2,0
112,1,1,3,2,4,1,10.0,2,1
113,1,1,5,6,5,1,10.0,3,1
114,1,1,3,2,4,1,2.0,2,1
115,1,1,4,2,4,1,1.0,2,1
116,1,1,4,2,3,1,5.0,2,1
117,2,1,4,2,4,1,7.0,1,1
118,1,1,4,2,4,1,2.0,2,1
119,1,1,5,2,4,1,5.0,2,1
120,1,1,4,6,5,1,1.0,3,1
121,1,1,4,2,4,1,1.0,2,1
122,1,1,4,2,1.0,3,1.0,3,0
123,1,1,4,2,5,1,1.0,2,1
124,1,1,3,6,4,1,1.0,2,1
125,1,1,4,2,4,1,1.0,2,1
126,1,1,5,6,5,1,1.0,2,1
127,1,1,4,5,3,1,5.0,3,1
128,1,1,4,2,3,1,3.0,3,0
129,1,1,4,2,5,1,4.0,3,1
130,1,1,4,2,4,1,3.0,3,0
131,1,1,4,1,4,1,8.0,3,1
132,1,1,2,6,4,1,2.0,3,1
133,1,1,4,6,4,1,3.0,3,0
134,1,1,3,2,4,1,2.0,3,1
135,1,1,4,5,4,1,9.0,1,1
136,1,1,4,5,3,1,3.0,3,0
137,1,1,4,6,5,1,2.0,2,1
138,1,1,4,2,4,1,3.0,1,1
139,2,1,2,2,3,1,8.0,3,1
140,1,1,4,2,5,1,5.0,3,0
141,1,1,4,2,4,1,3.0,2,0
142,1,1,3,6,3,1,1.0,3,1
143,1,1,4,2,4,1,1.0,2,1
144,1,1,4,1,5,1,2.0,3,0
145,1,1,4,2,4,1,3.0,2,1
146,1,1,4,6,5,1,7.0,1,1
147,1,1,2,1,4,1,2.0,1,1
148,2,1,4,6,4,1,4.0,3,1
149,1,1,2,2,3,1,1.0,2,0
150,1,1,3,5,3,1,2.0,3,1
151,1,1,3,2,4,1,1.0,2,1
152,1,1,3,6,4,1,1.0,2,1
153,1,1,5,2,5,1,4.0,2,1
154,1,1,4,6,4,1,1.0,3,0
155,1,2,4,2,4,1,3.0,3,1
156,1,2,2,2,3,1,1.0,2,1
157,1,1,2,4,3,1,1.0,2,1
158,1,1,4,6,5,1,9.0,3,0
159,1,1,4,3,2.0,2,6.0,3,0
160,1,2,3,2,4,1,4.0,1,1
161,2,2,5,2,4,1,4.0,3,1
162,1,1,2,6,4,1,10.0,1,1
163,1,1,5,3,5,1,7.0,1,1
164,1,2,4,2,4,1,4.0,3,0
165,1,1,3,1,3,1,3.0,2,1
166,1,1,3,4,4,1,1.0,2,1
167,1,1,4,5,4,1,4.0,2,0
168,1,2,4,2,4,1,5.0,1,1
169,1,1,4,7,4,1,2.0,2,0
170,2,2,4,1,4,1,1.0,2,1
171,1,1,4,6,3,1,11.0,2,0
172,1,2,4,2,4,1,7.0,1,0
173,1,1,3,2,4,1,4.0,2,1
174,1,2,2,1,4,1,6.0,2,1
175,1,1,4,2,4,1,1.0,2,1
176,1,2,4,2,5,1,3.0,2,1
177,2,2,4,1,4,1,2.0,3,0
178,1,1,4,6,4,1,3.0,1,1
179,1,1,3,2,4,1,1.0,2,1
180,1,1,4,2,4,1,6.0,2,0
181,1,1,3,2,3,1,2.0,2,1
182,1,2,4,1,4,1,2.0,3,1
183,1,1,3,2,4,1,7.0,2,1
184,1,1,4,4,4,1,4.0,3,0
185,2,1,4,1,4,1,2.0,2,1
186,2,1,4,1,4,1,2.0,2,0
187,1,1,4,4,4,1,5.0,1,1
188,1,1,4,7,4,1,10.0,3,0
189,1,1,4,1,5,1,1.0,3,1
190,1,1,4,1,4,1,1.0,2,1
191,1,1,3,1,4,1,2.0,2,1
192,1,1,6,6,2.0,2,2.0,3,1
193,1,1,4,6,4,1,3.0,1,1
194,1,1,4,1,4,1,3.0,2,1
195,1,2,2,5,4,1,2.0,3,1
196,1,1,4,1,5,1,3.0,2,1
197,1,1,4,2,4,1,3.0,2,0
198,1,1,3,5,4,1,1.0,2,1
199,1,1,4,1,4,1,1.0,2,1
200,1,1,4,1,4,1,3.0,3,1
201,1,1,4,3,4,1,3.0,2,1
202,1,1,4,2,5,1,3.0,1,1
203,1,1,5,6,4,1,2.0,3,1
204,2,1,4,5,4,1,4.0,2,0
205,1,1,1,6,3,1,2.0,3,1
206,1,2,4,5,3,1,4.0,2,1
207,1,2,5,1,4,1,2.0,2,0
208,1,1,4,1,4,1,3.0,1,1
209,1,1,3,6,3,1,2.0,2,1
210,1,1,3,6,4,1,7.0,1,1
211,1,1,5,3,5,1,3.0,2,1
212,1,1,4,1,5,1,2.0,3,0
213,1,1,4,6,5,1,2.0,3,1
214,1,2,6,2,5,1,2.0,2,1
215,1,1,3,2,4,1,4.0,2,1
216,1,2,3,1,3,1,2.0,3,1
217,1,1,4,5,5,1,2.0,3,1
218,1,1,4,1,4,1,3.0,3,0
219,1,1,4,2,4,1,1.0,3,1
220,1,1,4,5,4,1,3.0,2,1
221,1,1,4,6,4,1,1.0,3,1
222,1,1,3,6,4,1,1.0,2,1
223,1,1,4,1,5,1,3.0,2,1
224,1,1,4,1,4,1,1.0,3,1
225,1,2,4,6,5,1,1.0,3,0
226,1,1,5,6,5,1,1.0,2,1
227,1,1,3,2,4,1,1.0,2,1
228,2,1,4,5,4,1,1.0,2,1
229,1,2,3,1,3,1,6.0,2,1
230,1,1,4,1,4,1,1.0,3,1
231,1,1,4,1,4,1,2.0,2,1
232,1,1,4,1,4,1,3.0,2,1
233,1,1,4,1,4,1,1.0,3,0
234,1,1,4,6,5,1,3.0,3,0
235,1,1,4,6,4,1,1.0,2,1
236,1,1,4,1,4,1,1.0,2,1
237,1,1,4,5,5,1,3.0,3,1
238,1,1,4,1,4,1,2.0,2,1
239,1,1,4,1,5,1,3.0,2,0
240,1,1,4,6,4,1,1.0,2,1
241,1,1,1,6,3,1,1.0,2,1
242,1,1,4,5,1.0,3,1.0,3,0
243,1,1,4,6,4,1,1.0,2,1
244,1,1,4,1,5,1,3.0,2,1
245,1,1,4,1,4,1,3.0,2,1
246,2,1,4,6,5,1,2.0,3,1
247,2,1,4,5,4,1,2.0,3,1
248,1,1,4,6,4,1,1.0,2,1
249,1,1,3,3,4,1,3.0,2,1
250,1,2,4,4,4,1,5.0,1,1
251,1,1,4,6,4,1,2.0,2,1
252,1,1,4,2,4,1,7.0,1,0
253,1,1,4,6,4,1,2.0,3,1
254,1,1,4,6,4,1,1.0,2,1
255,1,1,5,6,4,1,1.0,1,1
256,1,1,4,6,4,1,8.0,2,1
257,1,1,4,6,4,1,1.0,2,1
258,1,1,4,6,4,1,1.0,1,0
259,1,1,5,6,4,1,2.0,3,0
260,1,1,3,6,4,1,2.0,3,1
261,1,1,4,6,5,1,3.0,3,1
262,1,1,3,6,4,1,2.0,2,1
263,1,1,4,1,4,1,3.0,3,0
264,1,1,4,5,4,1,3.0,3,1
265,1,1,3,6,4,1,2.0,3,1
266,1,1,4,6,5,1,1.0,2,1
267,1,1,5,4,5,1,3.0,3,1
268,1,1,3,1,4,1,4.0,2,1
269,1,1,4,6,4,1,3.0,2,1
270,1,1,4,6,4,1,7.0,1,1
271,1,2,4,6,5,1,1.0,2,1
272,1,1,3,6,4,1,1.0,3,1
273,2,1,4,5,1.0,3,3.0,3,0
274,1,1,4,6,4,1,3.0,1,1
275,1,1,4,6,4,1,2.0,1,1
276,2,1,4,6,5,1,3.0,3,1
277,1,1,3,4,4,1,6.0,3,1
278,1,1,4,6,4,1,3.0,1,1
279,1,1,4,6,4,1,3.0,2,1
280,2,1,3,6,4,1,4.0,2,1
281,1,1,3,2,4,1,1.0,3,1
282,1,1,2,6,4,1,2.0,3,0
283,1,1,5,6,4,1,3.0,3,1
284,1,1,2,6,4,1,1.0,2,1
285,1,1,3,1,4,1,3.0,3,1
286,1,1,4,6,4,1,1.0,2,1
287,1,1,1,6,3,1,2.0,2,1
288,1,1,3,6,4,1,1.0,2,1
289,1,1,4,3,4,1,3.0,3,1
290,1,1,3,6,4,1,1.0,2,1
291,1,1,3,7,4,1,2.0,2,1
292,1,1,4,6,4,1,1.0,3,1
293,1,1,4,5,5,1,2.0,1,0
294,1,1,3,2,4,1,2.0,3,0
295,1,1,4,6,4,1,3.0,3,1
296,1,1,4,6,4,1,5.0,2,1
297,1,1,3,6,4,1,2.0,2,1
298,1,1,5,6,4,1,3.0,2,0
299,1,1,4,5,4,1,5.0,3,1
300,1,1,5,5,5,1,1.0,3,1
301,1,1,4,5,4,1,2.0,2,1
302,2,1,4,6,4,1,2.0,2,0
303,1,1,3,6,4,1,3.0,1,1
304,1,1,4,6,4,1,4.0,3,1
305,1,1,4,5,4,1,2.0,3,1
306,2,1,4,6,3,1,2.0,2,1
307,1,1,4,6,5,1,7.0,1,1
308,1,1,3,6,4,1,6.0,2,1
309,1,1,2,6,3,1,2.0,3,1
310,1,1,4,6,5,1,1.0,2,1
311,1,1,4,6,4,1,1.0,2,0
312,1,1,3,6,4,1,2.0,2,1
313,1,1,3,6,4,1,1.0,2,1
314,1,1,2,6,4,1,4.0,3,1
315,1,1,4,6,4,1,8.0,1,1
316,1,1,4,6,4,1,9.0,1,1
317,1,1,4,1,4,1,1.0,3,1
318,1,1,4,6,4,1,2.0,2,1
319,2,1,4,6,2.0,2,4.0,2,0
320,1,1,4,6,4,1,1.0,2,1
321,1,1,3,6,4,1,7.0,1,0
322,1,1,4,6,4,1,1.0,2,1
323,1,1,4,6,4,1,1.0,3,1
324,1,1,4,6,4,1,3.0,3,0
325,1,1,4,6,4,1,1.0,2,0
326,1,1,4,6,5,1,2.0,1,1
327,1,1,5,4,5,1,4.0,3,1
328,1,1,4,5,4,1,4.0,2,0
329,1,1,4,6,4,1,2.0,2,1
330,1,1,3,6,4,1,1.0,3,0
331,1,1,4,6,4,1,9.0,3,1
332,1,1,4,6,5,1,1.0,2,0
333,1,1,4,3,4,1,2.0,2,0
334,1,1,3,2,4,1,1.0,2,1
335,2,1,3,6,4,1,8.0,1,0
336,1,1,4,6,4,1,3.0,3,0
337,1,1,4,6,4,1,1.0,2,1
338,1,1,3,6,4,1,1.0,2,0
339,1,1,4,6,4,1,3.0,3,0
340,1,1,4,6,4,1,1.0,2,1
341,1,1,4,6,4,1,1.0,2,0
342,1,1,4,6,4,1,1.0,2,1
343,1,1,4,6,4,1,3.0,2,0
344,1,1,4,6,5,1,3.0,2,0
345,1,1,3,6,4,1,3.0,3,1
346,2,1,4,5,4,1,3.0,2,1
347,1,1,3,5,3,1,8.0,3,1
348,1,1,5,5,4,1,2.0,2,0
349,1,1,4,5,5,1,3.0,2,0
350,1,1,4,6,5,1,3.0,1,0
351,1,1,4,6,4,1,1.0,2,0
352,1,1,3,7,4,1,1.0,3,1
353,2,1,3,6,4,1,1.0,2,1
354,1,1,4,2,4,1,2.0,1,0
355,1,1,5,6,5,1,2.0,3,0
356,1,1,3,6,4,1,1.0,2,1
357,1,1,4,6,4,1,5.0,1,0
358,1,1,4,2,4,1,2.0,1,1
359,1,1,4,6,4,1,1.0,2,0
360,1,1,1,6,3,1,4.0,2,1
361,1,2,4,4,4,1,1.0,2,1
362,1,1,4,5,1.0,3,1.0,3,0
363,1,1,3,6,4,1,1.0,2,1
364,1,1,3,6,4,1,2.0,3,1
365,1,1,3,6,4,1,2.0,3,1
366,1,1,5,5,5,1,3.0,2,1
367,1,1,3,6,4,1,4.0,2,1
368,1,1,4,6,4,1,6.0,1,0
369,1,1,4,6,4,1,4.0,3,0
370,1,1,4,6,4,1,1.0,2,1
371,1,1,3,6,4,1,1.0,3,1
372,1,1,4,6,4,1,2.0,3,0
373,1,1,4,5,4,1,5.0,2,1
374,1,1,3,6,4,1,3.0,3,1
375,1,1,4,6,4,1,1.0,2,0
376,1,1,4,2,4,1,2.0,3,1
377,1,1,2,6,4,1,1.0,3,1
378,1,1,4,6,4,1,1.0,2,0
379,1,1,4,6,4,1,1.0,3,1
380,1,1,2,6,4,1,1.0,2,1
381,1,1,4,1,5,1,1.0,3,1
382,1,1,4,5,5,1,3.0,2,1
383,1,1,3,6,4,1,2.0,2,1
384,1,1,3,6,4,1,1.0,2,1
385,1,1,4,6,4,1,1.0,2,1
386,1,1,4,6,5,1,1.0,3,1
387,1,1,4,6,5,1,1.0,3,0
388,1,1,2,6,3,1,4.0,3,1
389,1,1,4,6,4,1,6.0,3,1
390,1,1,4,6,4,1,7.0,1,1
391,1,1,4,5,5,1,3.0,2,1
392,1,1,3,5,3,1,4.0,1,1
393,1,1,4,5,5,1,3.0,2,1
394,1,2,4,6,5,1,5.0,3,1
395,1,1,2,6,4,1,4.0,3,1
396,1,1,4,5,4,1,1.0,2,1
397,1,1,3,5,4,1,3.0,1,1
398,2,1,3,5,4,1,2.0,2,1
399,1,1,4,5,4,1,2.0,2,0
400,1,1,4,5,5,1,2.0,2,1
401,1,1,4,5,4,1,1.0,2,1
402,1,1,2,6,3,1,2.0,3,1
403,1,1,4,5,4,1,3.0,2,0
404,1,1,4,6,4,1,3.0,3,0
405,1,1,3,5,4,1,4.0,3,1
406,1,1,4,2,5,1,3.0,1,1
407,1,1,4,5,5,1,6.0,1,1
408,1,1,5,5,4,1,4.0,3,0
409,2,1,4,5,1.0,3,1.0,2,0
410,1,1,3,5,4,1,9.0,2,0
411,1,1,3,5,3,1,4.0,3,1
412,1,1,4,6,5,1,1.0,2,0
413,1,1,4,5,5,1,1.0,3,1
414,1,1,3,2,4,1,4.0,3,1
415,1,1,3,5,4,1,2.0,2,1
416,1,1,4,5,4,1,4.0,2,1
417,1,1,4,5,5,1,2.0,1,1
418,1,1,4,5,4,1,4.0,2,1
419,1,1,4,5,4,1,2.0,3,0
420,1,1,4,7,4,1,1.0,2,1
421,1,1,5,6,5,1,4.0,2,1
422,1,1,4,5,5,1,3.0,1,1
423,1,1,4,5,1.0,3,5.0,3,1
424,1,1,2,5,3,1,6.0,2,1
425,1,1,3,5,4,1,8.0,2,1
426,1,1,3,2,4,1,1.0,3,1
427,1,1,1,6,3,1,6.0,1,1
428,1,1,3,5,4,1,1.0,2,1
429,1,1,4,5,4,1,3.0,2,0
430,1,1,3,5,4,1,2.0,2,1
431,1,1,4,5,4,1,2.0,2,1
432,2,2,3,2,3,1,4.0,2,1
433,1,1,3,5,4,1,2.0,3,1
434,1,1,4,5,4,1,3.0,1,0
435,1,1,3,5,4,1,2.0,2,1
436,1,1,3,5,4,1,1.0,2,1
437,1,1,3,6,4,1,2.0,2,0
438,1,1,1,5,3,1,2.0,2,1
439,1,1,5,5,4,1,8.0,2,1
440,1,1,2,6,3,1,4.0,2,0
441,1,1,4,5,4,1,4.0,2,1
442,1,1,4,5,5,1,1.0,2,1
443,1,1,4,6,5,1,1.0,3,1
444,1,1,4,6,4,1,1.0,3,0
445,1,1,5,6,5,1,2.0,2,1
446,1,2,4,3,4,1,1.0,2,1
447,1,1,3,5,4,1,1.0,2,1
448,1,1,3,5,4,1,4.0,1,0
449,1,1,4,2,5,1,4.0,3,0
450,1,1,3,5,4,1,4.0,1,1
451,1,1,3,5,4,1,4.0,1,1
452,1,1,3,5,4,1,4.0,2,0
453,1,1,4,5,1.0,3,1.0,3,1
454,1,1,3,5,4,1,4.0,1,1
455,1,1,3,4,4,1,2.0,3,0
456,1,1,2,6,3,1,1.0,2,0
457,1,1,5,5,5,1,3.0,2,1
458,2,1,3,2,4,1,8.0,3,1
459,1,2,2,7,4,1,4.0,1,0
460,1,1,3,5,4,1,9.0,2,1
461,1,1,3,1,4,1,1.0,2,0
462,2,1,3,5,3,1,2.0,2,1
463,1,1,2,6,4,1,1.0,3,0
464,1,1,4,5,5,1,8.0,1,1
465,1,1,4,7,4,1,1.0,2,1
466,1,1,4,5,5,1,1.0,2,1
467,1,1,4,5,4,1,1.0,3,1
468,2,1,3,5,4,1,2.0,2,1
469,1,1,3,1,4,1,2.0,3,1
470,1,1,4,5,4,1,3.0,3,1
471,1,1,3,5,4,1,4.0,3,1
472,2,1,5,5,5,1,2.0,3,0
473,1,1,4,5,4,1,4.0,2,1
474,1,1,6,6,6,1,1.0,2,1
475,2,2,4,5,4,1,1.0,2,0
476,1,1,4,5,4,1,2.0,1,1
477,1,1,4,2,5,1,4.0,3,1
478,1,1,4,5,4,1,1.0,2,1
479,1,1,4,5,4,1,3.0,1,1
480,1,1,3,5,4,1,4.0,2,1
481,1,1,4,5,5,1,1.0,3,0
482,1,1,2,5,4,1,1.0,2,1
483,2,1,4,5,5,1,1.0,2,1
484,1,1,3,5,4,1,2.0,2,1
485,1,1,4,5,4,1,2.0,2,1
486,1,1,4,7,5,1,6.0,2,1
487,1,1,4,7,5,1,1.0,2,1
488,1,1,4,7,4,1,6.0,1,1
489,1,1,2,6,3,1,4.0,3,1
490,1,1,4,7,4,1,3.0,2,0
491,1,1,2,6,3,1,1.0,2,1
492,1,1,3,6,4,1,2.0,2,0
493,1,1,2,7,3,1,3.0,3,0
494,1,1,3,5,3,1,2.0,3,0
495,1,1,4,5,4,1,2.0,3,1
496,1,1,4,2,5,1,1.0,3,1
497,1,1,4,5,5,1,3.0,3,1
498,1,1,2,5,3,1,5.0,3,1
499,1,1,3,4,4,1,1.0,2,1
500,1,1,4,6,4,1,1.0,2,1
501,1,1,4,5,4,1,4.0,3,1
502,1,1,4,7,4,1,1.0,2,1
503,1,1,2,7,4,1,2.0,3,1
504,1,1,4,6,4,1,1.0,3,0
505,1,1,5,6,5,1,6.0,3,1
506,1,1,4,6,4,1,10.0,3,1
507,1,1,3,5,4,1,8.0,3,1
508,1,1,4,1,5,1,7.0,1,0
509,1,1,4,7,5,1,3.0,2,1
510,1,1,3,5,4,1,2.0,3,1
511,1,1,2,3,4,1,4.0,3,1
512,1,1,4,7,2.0,2,5.0,3,0
513,1,1,4,6,5,1,1.0,2,1
514,2,1,3,4,4,1,4.0,3,1
515,1,1,4,7,4,1,3.0,2,1
516,1,1,4,6,4,1,5.0,3,1
517,1,1,2,7,3,1,4.0,3,1
518,1,1,4,5,4,1,3.0,3,0
519,1,1,4,5,4,1,1.0,3,0
520,1,1,4,5,4,1,1.0,2,1
521,1,1,3,5,3,1,2.0,2,1
522,1,1,3,6,4,1,1.0,2,1
523,1,1,4,7,4,1,3.0,3,1
524,1,1,3,4,4,1,4.0,3,1
525,1,1,4,6,4,1,3.0,2,0
526,1,1,3,7,4,1,4.0,3,1
527,1,1,4,5,4,1,1.0,2,0
528,1,1,3,6,4,1,2.0,2,1
529,1,1,4,7,4,1,1.0,2,0
530,1,1,5,6,4,1,3.0,3,0
531,1,1,3,7,3,1,5.0,3,1
532,1,2,4,7,5,1,4.0,1,1
533,2,2,4,1,5,1,4.0,3,1
534,1,1,4,6,1.0,3,3.0,3,0
535,1,1,4,6,5,1,3.0,3,0
536,1,1,3,7,3,1,1.0,2,1
537,1,2,4,2,5,1,3.0,2,1
538,1,2,2,1,3,1,2.0,3,1
539,1,1,4,7,4,1,8.0,2,1
540,1,1,4,6,4,1,3.0,1,1
541,1,1,2,5,3,1,3.0,2,1
542,1,1,4,6,5,1,1.0,3,0
543,1,1,4,7,4,1,4.0,2,1
544,1,2,6,7,5,1,8.0,1,1
545,1,1,4,4,4,1,1.0,2,1
546,1,2,4,7,4,1,3.0,3,0
547,1,1,5,3,5,1,3.0,1,1
548,2,2,2,7,3,1,7.0,2,0
549,1,1,5,6,4,1,3.0,1,1
550,1,1,4,4,4,1,2.0,3,1
551,1,1,4,6,5,1,4.0,1,0
552,1,1,4,7,5,1,4.0,1,0
553,1,2,4,7,3,1,5.0,2,1
554,1,1,4,2,5,1,3.0,2,0
555,1,1,4,6,4,1,4.0,3,1
556,1,1,2,5,4,1,6.0,1,1
557,1,1,4,6,4,1,2.0,1,1
558,1,2,4,7,4,1,2.0,3,1
559,1,1,3,7,3,1,6.0,2,1
560,1,1,3,6,3,1,1.0,2,1
561,1,1,3,7,4,1,1.0,3,0
562,1,2,4,7,4,1,1.0,3,1
563,1,1,4,7,4,1,2.0,3,0
564,1,1,4,5,4,1,1.0,2,1
565,1,1,4,6,4,1,2.0,3,0
566,1,1,3,1,4,1,3.0,2,1
567,1,1,3,4,4,1,2.0,3,1
568,2,2,4,7,4,1,7.0,1,0
569,1,1,2,6,3,1,1.0,3,1
570,1,1,2,4,4,1,2.0,3,1
571,1,1,4,6,1.0,3,5.0,3,0
572,1,1,4,7,4,1,1.0,2,0
573,1,1,4,5,4,1,2.0,3,1
574,1,1,3,6,3,1,1.0,2,0
575,1,1,4,5,4,1,5.0,3,1
576,1,1,4,6,5,1,11.0,3,1
577,1,1,4,5,4,1,2.0,3,1
578,1,1,3,5,3,1,4.0,3,1
579,2,2,4,7,4,1,2.0,1,1
580,1,2,4,4,4,1,3.0,3,0
581,1,1,5,7,5,1,4.0,2,1
582,1,1,4,6,4,1,5.0,2,1
583,1,1,4,6,5,1,1.0,2,1
584,1,1,1,6,3,1,2.0,3,1
585,1,1,4,5,5,1,9.0,1,1
586,1,1,3,4,3,1,1.0,2,1
587,1,1,4,4,4,1,6.0,2,0
588,1,1,2,4,3,1,5.0,2,1
589,2,1,5,2,5,1,4.0,1,0
590,1,1,3,4,4,1,1.0,2,1
591,1,2,3,1,4,1,5.0,2,1
592,1,1,4,6,5,1,6.0,2,0
593,1,1,2,3,4,1,3.0,2,1
594,1,1,5,4,1.0,3,5.0,2,0
595,2,1,4,6,5,1,4.0,2,1
596,1,1,4,2,4,1,1.0,2,1
597,1,1,4,4,4,1,2.0,2,1
598,1,1,4,4,5,1,9.0,1,0
599,1,1,3,4,4,1,9.0,1,0
600,1,1,3,4,4,1,1.0,2,1
601,1,1,4,4,5,1,1.0,2,1
602,1,1,3,4,4,1,3.0,2,0
603,1,1,3,4,4,1,1.0,2,1
604,1,1,2,4,4,1,1.0,3,1
605,1,1,4,5,4,1,6.0,1,1
606,1,1,4,5,5,1,3.0,2,1
607,1,1,4,4,4,1,1.0,2,1
608,1,1,4,4,4,1,2.0,2,1
609,1,1,2,4,4,1,3.0,2,1
610,1,1,4,4,4,1,1.0,2,1
611,1,1,4,4,4,1,6.0,2,1
612,1,1,3,4,3,1,1.0,2,1
613,1,1,3,4,4,1,7.0,1,1
614,1,1,3,4,3,1,1.0,2,1
615,1,1,4,5,4,1,4.0,2,1
616,1,1,4,4,4,1,9.0,1,1
617,1,1,4,4,4,1,5.0,1,0
618,1,1,4,4,4,1,6.0,3,1
619,2,1,3,4,4,1,3.0,2,0
620,1,1,4,6,4,1,3.0,3,0
621,1,1,3,6,4,1,4.0,3,0
622,1,1,4,4,4,1,1.0,3,1
623,1,1,4,4,4,1,1.0,2,1
624,1,1,4,6,4,1,3.0,3,0
625,1,1,4,4,5,1,1.0,3,0
626,2,1,2,4,4,1,1.0,3,1
627,1,1,2,4,4,1,4.0,3,1
628,1,1,1,4,3,1,1.0,2,1
629,1,1,3,4,4,1,1.0,3,0
630,1,1,3,4,4,1,1.0,2,1
631,1,1,4,4,4,1,1.0,2,1
632,2,1,3,4,4,1,1.0,2,1
633,1,1,3,4,4,1,1.0,2,1
634,1,1,2,4,4,1,2.0,2,1
635,1,1,5,5,5,1,2.0,3,1
636,1,1,4,4,4,1,5.0,3,1
637,1,1,4,6,5,1,11.0,3,1
638,1,1,4,5,5,1,4.0,3,0
639,1,1,4,4,4,1,5.0,3,1
640,1,1,5,3,5,1,3.0,3,0
641,2,1,4,4,5,1,1.0,3,1
642,1,1,3,4,4,1,10.0,2,0
643,1,1,5,4,4,1,5.0,2,0
644,1,1,4,2,5,1,4.0,2,1
645,2,1,3,6,3,1,3.0,1,1
646,2,1,3,4,4,1,1.0,2,1
647,1,1,2,3,3,1,1.0,2,1
648,1,1,5,5,5,1,1.0,3,1
649,1,1,3,2,4,1,4.0,2,1
650,1,1,3,5,4,1,1.0,2,0
651,1,1,2,4,4,1,4.0,3,0
652,1,2,4,4,4,1,1.0,2,0
653,1,1,4,4,4,1,1.0,3,1
654,1,1,4,6,5,1,3.0,2,1
655,1,1,4,5,4,1,1.0,3,0
656,1,1,4,6,4,1,3.0,3,1
657,1,1,3,4,3,1,2.0,2,1
658,1,2,4,4,4,1,8.0,1,1
659,1,1,4,4,5,1,2.0,1,0
660,1,2,5,4,4,1,4.0,1,0
661,1,1,3,5,4,1,1.0,3,1
662,1,1,4,6,4,1,1.0,2,0
663,1,1,3,6,3,1,2.0,3,1
664,1,1,2,1,4,1,4.0,3,1
665,1,1,3,6,4,1,1.0,3,1
666,2,1,4,6,5,1,1.0,3,1
667,1,1,4,4,4,1,3.0,3,1
668,1,1,3,2,4,1,2.0,2,1
669,1,1,3,5,4,1,5.0,2,1
670,1,1,4,6,4,1,3.0,1,1
671,1,1,4,4,5,1,1.0,2,1
672,1,1,4,4,5,1,2.0,2,0
673,1,1,4,4,4,1,2.0,3,1
674,1,1,4,4,4,1,5.0,2,0
675,1,1,2,6,4,1,1.0,3,1
676,1,1,3,4,4,1,5.0,3,0
677,1,1,4,4,1.0,3,3.0,2,0
678,1,1,3,5,3,1,2.0,2,1
679,1,2,3,5,4,1,3.0,2,0
680,1,1,3,2,4,1,4.0,3,1
681,1,1,4,4,4,1,1.0,2,1
682,1,1,3,5,4,1,8.0,3,1
683,1,2,3,4,4,1,8.0,2,1
684,1,2,3,4,4,1,3.0,1,1
685,1,1,6,5,5,1,2.0,3,1
686,1,1,4,4,4,1,1.0,2,1
687,1,1,4,6,4,1,2.0,1,1
688,1,1,2,4,4,1,9.0,2,1
689,1,2,4,7,4,1,1.0,2,1
690,1,1,4,4,4,1,5.0,1,0
691,1,1,3,6,3,1,3.0,3,1
692,1,1,3,6,1.0,3,5.0,3,1
693,1,1,3,5,4,1,2.0,3,1
694,1,1,3,4,4,1,1.0,2,1
695,2,2,3,4,4,1,1.0,2,1
696,1,1,2,6,3,1,4.0,3,1
697,1,1,4,4,4,1,3.0,3,1
698,1,1,4,3,5,1,3.0,3,1
699,1,2,3,4,3,1,1.0,2,1
700,1,2,3,4,4,1,2.0,3,1
701,2,1,4,4,1.0,3,2.0,3,0
702,1,1,4,4,4,1,1.0,2,0
703,1,1,4,6,4,1,3.0,3,0
704,1,1,4,5,5,1,3.0,3,1
705,1,1,4,2,5,1,3.0,3,1
706,1,1,4,4,5,1,3.0,3,1
707,1,1,5,5,5,1,4.0,3,1
708,1,1,3,6,4,1,2.0,2,0
709,1,1,4,4,4,1,3.0,2,1
710,1,1,6,6,5,1,2.0,2,1
711,1,1,3,1,4,1,2.0,2,1
712,1,2,3,5,4,1,6.0,2,0
713,1,1,3,2,4,1,8.0,3,1
714,1,1,4,6,4,1,3.0,3,1
715,1,1,1,3,3,1,2.0,3,0
716,1,1,3,2,4,1,3.0,2,1
717,1,1,3,4,4,1,3.0,3,1
718,1,1,4,6,4,1,1.0,2,0
719,2,2,3,4,4,1,1.0,2,0
720,1,1,5,6,4,1,3.0,3,1
721,1,1,4,3,5,1,1.0,2,1
722,1,1,4,6,4,1,5.0,3,1
723,1,1,3,3,4,1,1.0,2,1
724,1,1,3,5,3,1,3.0,3,0
725,1,1,5,3,5,1,1.0,2,1
726,1,1,4,1,4,1,3.0,2,1
727,1,1,4,3,4,1,2.0,3,1
728,1,1,3,2,4,1,4.0,1,1
729,1,1,4,6,5,1,3.0,3,1
730,2,1,3,5,4,1,5.0,1,1
731,1,1,3,3,4,1,3.0,3,1
732,1,1,3,5,3,1,2.0,3,0
733,2,1,3,5,4,1,7.0,1,1
734,2,1,3,3,4,1,1.0,2,0
735,1,1,3,2,4,1,2.0,2,1
736,1,1,4,3,3,1,3.0,3,0
737,1,1,4,2,5,1,8.0,3,1
738,1,1,5,3,5,1,1.0,2,0
739,1,1,4,2,4,1,5.0,3,0
740,1,2,4,3,4,1,3.0,2,1
741,1,1,4,3,4,1,2.0,1,0
742,1,1,4,2,4,1,9.0,1,0
743,1,1,4,4,4,1,1.0,2,1
744,1,1,4,2,4,1,2.0,2,1
745,1,1,4,3,1.0,3,6.0,3,0
746,1,1,3,3,4,1,1.0,3,1
747,1,1,4,3,4,1,5.0,3,1
748,1,1,3,5,4,1,3.0,2,0
749,1,1,4,3,4,1,3.0,2,1
750,1,1,1,1,3,1,3.0,2,1
751,1,1,4,3,4,1,5.0,2,0
752,1,2,5,4,4,1,1.0,3,1
753,1,1,4,3,4,1,10.0,3,0
754,1,1,4,6,4,1,5.0,1,0
755,1,1,4,4,4,1,2.0,3,1
756,2,1,3,6,4,1,1.0,2,0
757,1,1,3,6,4,1,3.0,3,1
758,1,1,2,2,4,1,1.0,3,0
759,1,1,4,6,4,1,1.0,2,1
760,1,1,3,6,4,1,1.0,2,1
761,1,2,4,3,4,1,2.0,3,1
762,1,1,4,1,4,1,4.0,2,1
763,1,2,4,3,5,1,7.0,1,0
764,1,1,4,1,4,1,3.0,3,0
765,2,1,3,5,4,1,1.0,2,1
766,1,1,3,6,4,1,1.0,2,1
767,1,2,4,3,5,1,1.0,2,0
768,1,1,3,6,4,1,1.0,2,1
769,1,1,4,3,4,1,1.0,2,0
770,1,1,4,6,5,1,4.0,2,1
771,1,1,4,6,2.0,2,3.0,1,1
772,1,1,4,3,5,1,3.0,3,1
773,1,1,4,6,4,1,4.0,1,0
774,1,1,4,3,4,1,6.0,2,0
775,1,1,4,5,4,1,1.0,2,0
776,1,1,4,3,1.0,3,3.0,2,0
777,1,2,3,3,4,1,2.0,1,1
778,1,1,3,5,4,1,6.0,3,1
779,1,1,4,6,4,1,1.0,2,1
780,1,1,4,1,4,1,4.0,3,1
781,1,1,2,4,4,1,2.0,2,1
782,1,1,5,6,4,1,3.0,2,0
783,1,1,3,6,3,1,3.0,3,1
784,1,2,3,1,3,1,5.0,1,1
785,1,1,5,6,5,1,1.0,2,1
786,2,2,5,3,5,1,1.0,3,1
787,1,2,3,6,4,1,2.0,2,1
788,1,2,6,3,4,1,1.0,2,1
789,1,1,4,6,4,1,1.0,3,1
790,1,1,4,4,5,1,1.0,2,1
791,1,1,4,4,5,1,1.0,2,1
792,1,1,4,2,4,1,4.0,2,1
793,1,1,4,1,4,1,3.0,3,1
794,1,1,4,5,4,1,3.0,2,1
795,1,1,3,5,4,1,1.0,2,1
796,1,1,4,4,4,1,2.0,3,0
797,1,2,4,3,5,1,2.0,2,0
798,2,1,4,5,4,1,1.0,2,0
799,1,2,4,3,4,1,1.0,2,1
