name,gender,race,age,hometown,party,party_standing,degree,major,track
龚宗元,男,汉族,1967,湖南,1994,中国共产党,工程,硕士,
卢映川,男,汉族,1968,安徽,1986,党,经济学,博士,"2013,2013,2015"
李新,男,汉族,1971,天津,1993,中国共产党,经济学,硕士,"2019,2020"
杜飞进,男,汉族,1960,浙江,1984,中国共产党,法学,博士,"1980,1984,1987,1993,1997,1999,2005,2008,2009,2014,2016,2017"
夏林茂,男,汉族,1970,江苏,1997,中国共产党,工学,博士,"2011,2011,2017,2019"
王有国,男,汉族,1967,湖北,1989,党,管理学,博士,"2017,2018"
齐静,女,汉族,1963,安徽,1985,党,法学,学士,"2011,2011,2013,2017,2017"
王宁,男,汉族,1960,山西,1987,中国共产党,经济学,硕士,"1973,1979,1983,1986,1987,1989,1991,1994,2000,2002,2005,2006,2006,2007,2008,2010,2015,2015,2018"
男,48岁（1970年6月生）,黑龙江佳木斯人,汉族,19,1992,党,高级管理人员工商管理,硕士,2020
周立云,男,汉族,1963,湖南,1984,党,经济学,博士,"2014,2017"
崔述强,男,汉族,1963,北京,1988,党,经济学,博士,"1978,1981,1985,1987,1989,1992,1994,2002,2009,2013,2015,2017,2017,2020"
吉林,男,汉族,1962,上海,1984,党,法学,硕士,
徐贱云,男,汉族,1964,江西,1986,党,工学,博士,
李伟,男,汉族,1958,江苏,1977,党,法学,硕士,2017
杨晋柏,男,汉族,1973,湖北,2003,中国共产党,工学,硕士,"1987,1991,1994,2000,2003,2005,2010,2012,2013,2014,2017,2018,2020"
于长辉,男,汉族,1962,辽宁,1991,党,在职研究生、工商管理,硕士,"2017,2018,2019"
陈雍,男,满族,1966,辽宁,1988,中国共产党,工商管理,硕士,"1984,1988,1991,1993,1996,1998,2001,2002,2004,2007,2008,2010,2011,2011,2013,2014,2015,2015,2016,2018,2018,2019"
亓延军,男,汉族,1964,山东,1991,党,工学,博士,
张延昆,男,汉族,1963,河南,1985,党,高级管理人员工商管理,硕士,2015
曾赞荣,男,汉族,1969,湖南,1987,中国共产党,理学,硕士,"2012,2014,2015,2016,2016,2017"
常卫,男,汉族,1966,河南,1985,党,法学,硕士,
王合生,男,汉族,1969,山东,1988,党,理学,博士,
戴彬彬,男,汉族,1968,江苏,1988,中国共产党,工商管理,硕士,
蔡奇,男,汉族,1955,福建,1975,中国共产党,经济学,博士,"1973,1975,1978,1983,1987,1991,1992,1993,1996,1997,1999,2002,2004,2007,2010,2013,2014,2015,2016,2017,2017"
王成国,男,汉族,1966,山东,1987,党,哲学,博士,"2014,2015"
赵磊,男,汉族,1972,籍贯,1994,中国共产党,经济学,博士,"1995,1998,2000,2001,2004,2005,2006,2009,2010,2011,2014,2017,2017,2018,2018"
殷勇,男,汉族,1969,湖北,1994,党,工学,博士,"2018,2018"
王灏,男,汉族,1967,辽宁,1987,中国共产党,工学,硕士,
杨斌,男,汉族,1961,山东,1985,党,经济学,博士,"2011,2014,2017"
王红,女,满族,1962,辽宁,2000,民革,公共管理,硕士,"2018,2018"
孙硕,男,汉族,1974,贵州,2004,中国共产党,经济学,博士,2019
初军威,男,汉族,1971,黑龙,1992,中国共产党,管理学,博士,2020
高朋,男,汉族,1972,辽宁,1996,党,经济学,博士,"2015,2016,2018"
于波,男,满族,1969,辽宁,1991,中国共产党,工程,硕士,2019
隋振江,男,汉族,1963,辽宁,1984,党,经济学,硕士,"1981,1985,1987,1988,1990,1990,1992,1994,1999,2003,2003,2004,2005,2006,2006,2009,2011,2011,2012,2012,2015,2015,2019"
穆鹏,男,汉族,1966,陕西,陕西礼泉人。1986,党,中国人民大学高级管理人员工商管理,硕士,
于军,男,汉族,1964,山东,1985,党,管理学,博士,"1982,1983,1987,1989,1989,1990,1992,1993,1995,1997,2002,2002,2004,2006,2008,2008,2010,2011,2015,2016,2017,2017"
金晖,女,汉族,1969,浙江,1991,中国共产党,理学,博士,
曾劲,男,汉族,1970,湖南,1994,中国共产党,管理学,博士,"2019,2020"
潘临珠,男,汉族,1962,山西,1983,党,工学,博士,"1977,1979,1983,1985,1988,1989,1989,1991,1995,1996,1998,1998,1999,2005,2011,2011,2014,2015,2015,2015,2015,2019,2019"
魏小东,男,汉族,1961,福建,经济学学士。1983,中国共产党,经济学,学士,"1979,1983,1987,1990,1994,2000,2002,2004,2007,2010,2010,2011,2013,2015,2016,2017"
孙军民,女,北京人,汉族,19,1992,党,中国政法大学经济法专业毕业（法学,学士,"1992,1993,1994,1997,1999,2002,2003,2004,2009,2011,2011,2013,2015,2018,2019"
陈吉宁,男,生于1964年2月,汉族,吉林,1984,中国共产党,工学,博士,"1981,1993,1992,1994,1998,1999,2006,2007,2012,2015,2015,2017,2018"
张建东,男,汉族,1962,河北,1982,中国共产党,管理学,博士,"2013,2014"
郭延红,女,汉族,1967,山东,1987,党,工程,硕士,"2015,2018"
卢彦,男,汉族,1963,江苏,1994,党,经济学,博士,"2015,2017"
张家明,男,汉族,1963,安徽,1985,中国共产党,工商管理,硕士,"2013,2014,2015,2015,2018,2019"
文献,男,汉族,1969,江西,,,工学,硕士,
毛劲松,男,汉族,1969,辽宁,1990,中国共产党,经济学,博士,"1987,1991,1995,1997,1999,2000,2006,2007,2013,2014,2016,2017,2017"
何智能,男,汉族,1975,湖南,1996,中国共产党,全日制,硕士,"1992,1996,1999,2000,2002,2005,2010,2013,2018,2019,2019,2019,2020"
谢元,男,汉族,1975,江苏,1995,中国共产党,法学,博士,
喻云林,男,汉族,1962,湖南,1987,中国共产党,林学,硕士,"1978,1982,1985,1988,1990,1991,1991,1994,1998,1999,2000,2002,2003,2003,2005,2008,2008,2010,2015,2018"
冀国强,男,汉族,1965,河南,1987,中国共产党,北京大学与国家行政学院合作培养公共管理,硕士,"1984,1988,1993,1998,2000,2001,2003,2003,2004,2007,2010,2010,2011,2013,2013,2015,2017,2017"
倪斌,男,汉族,1972,内蒙,1991,中国共产党,法学,博士,"2000,2005,2019"
陈春江,男,蒙古族,1971,内蒙,1995,中国共产党,理学,博士,"2000,2012,2016,2017,2017"
段春华,男,汉族,1959,河北,1983,中国共产党,经济学,博士,"1992,1997,2007,2014,2018,2018"
蔺雪峰,男,汉族,1966,河北,2000,党,管理学,博士,"2008,2014,2015,2015,2017,2017"
贺亦农,男,汉族,1965,天津,天津大学高级管理人员工商管理硕士专业工商管理硕士。1988,中国共产党,天津大学高级管理人员工商管理硕士专业工商管理,硕士,"1982,1986,1991,1994,1995,1998,2003,2004,2006,2010,2011,2012,2014,2014,2015,2016,2018,2018,2020"
曹小红,女,回族,1961,吉林,,,农学,博士,"1983,1998,2003,2006,2007,2008,2013,2018"
连茂君,男,汉族,1970,辽宁,1990,中国共产党,经济学,博士,"1990,1993,2002,2003,2004,2004,2004,2005,2006,2007,2007,2008,2010,2011,2013,2015,2016,2018,2019,2019,2020,2020"
王力军,男,汉族,1968,河北,1991,中国共产党,经济学,硕士,"2018,2018,2019"
王洪海,男,汉族,1964,天津,1991,中国共产党,天津大学管理与经济学部高级管理人员工商管理,硕士,"1981,1983,1983,1991,1992,1996,1997,1999,2001,2001,2002,2003,2006,2009,2011,2011,2014,2015,2015,2016,2017"
于立军,男,汉族,1967,辽宁,,,,硕士,"1989,2016,2019"
刘惠,女,汉族,1968,河北,1995,中国共产党,文学,学士,"1986,1990,1996,2000,2002,2006,2011,2015,2016,2018"
白凤祥,男,汉族,1972,天津,1993,中国共产党,公共管理硕士、高级管理人员工商管理,硕士,"1995,2000,2002,2007,2012,2013,2016,2016,2018,2018"
李树起,男,汉族,1962,天津,1983,中国共产党,高级管理人员工商管理,硕士,"1998,2008,2015,2018"
张伟,男,汉族,1967,天津,1989,中国共产党,教育学,学士,"1985,1989,1991,1995,1998,2001,2005,2009,2009,2010,2011,2011,2011,2012,2016,2016,2018,2018"
邓修明,男,汉族,1964,四川,1992,中国共产党,法学,博士,"2002,2016,2016,2018"
戴东强,男,汉族,1966,山东,1997,中国共产党,武汉理工大学管理学,博士,
陈浙闽,男,汉族,1961,浙江,1982,中国共产党,法学,硕士,"1977,1979,1983,1986,1986,1988,1989,1992,1993,1993,1996,1999,1999,2004,2007,2009,2014,2016,2017"
阴和俊,男,汉族,1963,山西,,,,博士,"1979,2006,2008,2015,2017,2017,2018"
姜德志,男,汉族,1964,天津,1985,中国共产党,管理学博士、教育学硕士、法学,学士,"1986,1989,2007,2011,2018"
金湘军,男,汉族,1964,湖南,1984,中国共产党,管理学,博士,"1990,1998,2003,2018,2019"
殷向杰,男,汉族,1965,籍贯,,,南开大学管理学,博士,"2001,2001,2006,2012,2013,2017"
孙剑楠,男,汉族,1968,江西,1994,中国共产党,文学,硕士,"1987,1991,1992,1993,1996,1998,2001,2003,2005,2006,2006,2013,2016,2016,2017,2017"
范少军,男,汉族,1970,籍贯,1995,中国共产党,工学,学士,"2015,2016,2019"
张国清,男,汉族,1964,河南,1984,中国共产党,经济学,博士,"1981,1985,1987,1989,1993,1995,1996,1998,1998,1999,2004,2006,2007,2007,2008,2013,2016,2017,2017,2017,2018"
赵飞,男,汉族,1964,湖北,1986,中国共产党,法学,硕士,"1982,1984,1987,1990,1992,1995,1996,1999,2002,2002,2003,2005,2011,2011,2012,2014,2014,2014,2014,2016,2016,2017,2017,2017"
冯卫华,男,汉族,1965,天津,1985,中国共产党,,学士,"1983,1987,1988,1991,1994,1997,2001,2001,2006,2009,2011,2016,2017"
赵革,男,汉族,1970,黑龙,1988,党,经济学,硕士,"2015,2015,2017,2019,2020"
党晓龙,男,陕西富平人,1968,19,1995,党,管理学,博士,"2017,2017,2018,2020,2020"
夏延军,女,汉族,1963,威县,1987,党,天津大学公共管理,硕士,"1981,1982,1987,1997,1997,2001,2001,2002,2009,2014,2018"
许勤,男,汉族,1961,江苏,1982,党,香港理工大学管理学,博士,"1978,1982,1984,1987,1988,1992,1997,1998,2001,2003,2005,2008,2010,2016,2017,2017"
张古江,男,汉族,1963,天津,1984,党,中国农业大学农业推广,硕士,"1980,1982,1992,1995,1997,1999,2001,2003,2004,2008,2008,2011,2011,2014,2016,2016,2017,2020,2020"
梅世彤,男,汉族,1969,河北,1990,党,经济学,硕士,"1988,1992,1993,1995,1996,1997,1999,2001,2003,2003,2008,2009,2010,2011,2013,2015,2015,2016,2017"
常丽虹,女,汉族,河北清苑,19,1986,中国共产党,文学,学士,"1980,1984,1989,1990,1993,1995,2002,2003,2008,2010,2010,2011,2011,2012,2013,2015,2016"
冯韶慧,男,汉族,1965,河北,1984,党,理学,硕士,"1981,1985,1987,1993,1996,1998,2002,2002,2004,2008,2012,2013,2013,2016,2016"
叶冬松,男,汉族,1958,安徽,1981,党,经济学,硕士,"1977,1978,1982,1984,1986,1988,1990,1991,1993,1994,1995,1996,1997,1998,1999,2000,2001,2004,2010,2011,2011,2011,2018"
张涛,男,在职研究生学历,汉族,管理,1992,党,管理学,博士,"1990,1994,1995,1999,1999,2000,2002,2005,2007,2009,2011,2013,2017,2018,2018,2019"
李宁,男,山东巨野人,汉族,19,1979,伍,,博士,"2018,2018"
时清霜,男,汉族,1965,玉田,,,法学,硕士,"1983,1987,1990,1992,1995,1998,2002,2013,2018"
杨慧,男,汉族,1965,河北,1985,党,天津大学工学,博士,"2008,2008,2009,2012,2012,2016"
徐建培,男,汉族,1960,江苏,1981,党,华中科技大学教育学,博士,"1977,1978,1982,1982,1984,1987,1988,1993,1995,1997,1999,2003,2010,2014,2016,2016,2017,2017"
邓沛然,男,汉族,1963,献县,1984,党,经济学,博士,"1980,1988,1999,2001,2002,2003,2003,2004,2004,2007,2008,2010,2013,2016,2017"
高志立,男,汉族,1962,邯郸,1990,党,河北大学经济学,硕士,"1980,1984,1988,1989,1992,1995,1997,1998,1999,2001,2011,2011,2013,2014,2016,2018"
回建,男,回族,1961,河北,1982,党,法学,博士,"1978,1981,1983,1985,1988,1988,1991,1993,1995,1996,1998,1999,2001,2001,2003,2006,2009,2009,2011,2013,2013,2014,2014,2017"
武卫东,男,汉族,1969,河北,1991,党,经济学,硕士,"1987,1989,1992,1992,1993,1993,1996,1997,1999,2001,2004,2004,2005,2007,2013,2013,2013,2016,2016"
陈刚,男,汉族,1965,江苏,1986,党,理学,博士,"1980,1984,1987,1990,1994,1994,2000,2002,2003,2004,2006,2012,2013,2013,2017,2017,2017,2017"
高宏志,男,汉族,1967,河北,1990,党,河北大学教育学,硕士,"1983,1986,1988,1991,1992,1995,1997,1997,2001,2003,2003,2006,2006,2007,2012,2012,2013"
王东峰,男,汉族,1958,陕西,1980,党,经济学,硕士,"1979,1981,1982,1984,1987,1989,1991,1996,1998,2001,2003,2004,2013,2016,2016,2017,2018"
刘爽,男,汉族,1969,辽宁,1988,党,北京大学公共管理,硕士,"1986,1990,1991,1992,1993,1995,1996,1996,1996,1999,2000,2002,2008,2009,2009,2013,2014,2016,2017,2018,2018,2018,2019"
王景武,男,汉族,1963,河北,1985,党,公共管理,硕士,"1982,1986,1987,1988,1993,1995,1998,1999,2000,2001,2003,2008,2012,2012,2013,2015,2017,2017,2017"
王现坤,男,汉族,1969,河北,1991,党,经济学,学士,"1987,1991,1992,1997,2000,2000,2002,2003,2007,2007,2009,2013,2017,2018,2018,2019"
丁绣峰,男,河北平乡人,汉族,19,1984,党,法学,硕士,"1981,1985,1987,1994,1995,1995,1997,2003,2004,2009,2010,2011,2011,2013,2013,2014,2015,2015,2015"
邢国辉,男,汉族,1961,正定,1984,党,经济学,硕士,"1976,1978,1982,1984,1985,1991,1994,1994,1998,2007,2008,2011,2012,2013,2015,2015,2016,2016"
周仲明,男,汉族,1963,衡水,1984,党,河北大学文学,硕士,"1980,1984,1988,1992,1993,1994,1996,1998,2000,2001,2001,2003,2006,2010,2012,2015,2015,2015,2015,2018"
焦彦龙,男,汉族,1960,平山,1986,党,理学,硕士,"1978,1982,1982,1987,1988,1990,1993,1994,1996,1996,1996,2000,2003,2009,2011,2011,2013,2014,2015,2017"
张瑞书,男,汉族,1963,河北,河北献县人。1987,党,工学,学士,"1979,1983,1985,1988,1989,1990,1992,1995,1998,2001,2002,2002,2009,2009,2012,2013,2014,2015"
田军,男,汉族,1970,山西,1990,党,工学,博士,"1988,1992,1996,1999,2001,2006,2008,2012,2016,2017,2018,2019,2019"
梁田庚,男,汉族,1960,广东,1983,党,农学,博士,"1976,1979,1983,1989,1992,1994,1995,1998,1999,1999,2003,2008,2012,2014,2016,2017,2018,2020"
张维亮,男,汉族,1964,河北,1995,党,理学,硕士,"1983,1987,1990,1993,1994,1995,1995,1996,1998,2000,2004,2004,2013,2016,2016,2017,2017,2017,2017,2017,2018,2018,2019,2019"
商黎光,男,汉族,1963,巨鹿,1984,党,新加坡南洋理工大学高级管理人员工商管理,硕士,"1979,1981,1984,1987,1989,1990,1992,1994,1997,1998,1999,2003,2003,2006,2010,2013,2013,2014,2016,2017"
卢东亮,男,汉族,1973,辽宁,1993,中国共产党,经济学,学士,"1991,1995,1998,1999,2000,2001,2002,2003,2006,2009,2013,2015,2016,2016,2018,2019,2020"
李佳,男,汉族,1961,辽宁,1985,中国共产党,哲学,博士,"1979,1983,1985,1986,1990,1990,1992,1994,1996,1998,2000,2000,2000,2004,2008,2011,2011,2016,2016,2018,2018,2018,2019"
赵建平,男,汉族,1963,山西,1988,中国共产党,中国矿业大学工程,硕士,"1996,1998,2001,2004,2008,2013,2018,2018,2019"
徐广国,男,汉族,1964,黑龙,1984,中国共产党,经济学,博士,"1981,1984,1990,1993,1995,1997,2003,2003,2006,2006,2007,2011,2011,2011,2017,2018"
楼阳生,男,汉族,1959,浙江,1981,中国共产党,工商管理,硕士,"1976,1978,1982,1984,1986,1986,1987,1989,1989,1991,1996,1999,2002,2003,2003,2006,2008,2008,2009,2010,2012,2012,2014,2016,2016,2019,2019,2020"
常书铭,男,汉族,1973,山西,1992,中国共产党,法学,博士,2019
王拥军,男,汉族,1963,江苏,1982,中国共产党,文学,学士,"1979,1983,1985,1990,1994,1997,1999,1999,2000,2003,2003,2005,2009,2014,2018,2019,2019,2020"
王一新,男,汉族,1965,湖北,1993,中国共产党,历史学,学士,"1983,1987,1992,1993,1996,1996,1999,2001,2003,2004,2007,2010,2011,2013,2017"
林武,男,汉族,1962,福建,1987,中国共产党,工学,博士,"1978,1982,1994,1997,1997,1998,1998,2003,2003,2005,2008,2011,2015,2016,2017,2017,2018,2018,2018,2018,2019,2019,2019,2020"
姜四清,男,汉族,1965,湖北,1998,中国共产党,理学,博士,"1982,1986,1989,1991,1993,1995,2001,2003,2004,2004,2008,2009,2014,2015,2015,2017,2017,2017,2017,2018,2020"
贺天才,男,汉族,1963,山西,1998,中国共产党,工学,博士,"1979,1983,1988,1993,1996,2001,2002,2004,2005,2009,2011,2013,2017"
刘新云,男,汉族,1962,山东,1984,中国共产党,经济学,硕士,"1979,1981,1983,1984,1985,1989,1992,1993,1994,1995,1997,1999,2001,2002,2003,2005,2008,2011,2012,2014,2018"
张吉福,男,汉族,1964,天津,1985,中国共产党,工学,博士,"1982,1986,1989,1997,1998,2001,2003,2006,2010,2010,2013,2015,2016"
朱晓东,1972年5月出生,山西岚县人,1996,19,1996,中国共产党,工商管理,硕士,"1992,1996,2005,2007,2008,2011,2011,2017,2017,2019,2020,2020"
王成,男,汉族,1969,山西,1991,中国共产党,经济学,博士,"1984,1987,1991,1994,1997,1998,2000,2000,2002,2004,2007,2011,2011,2013,2015,2016,2016,2018,2019,2019"
张志川,男,河南荥阳人,1964,博士,1997,中国共产党,,博士,"1980,1982,1991,1993,1995,1996,2001,2005,2009,2011,2011,2017,2017"
陈振亮,男,汉族,1963,山西,1984,中国共产党,法学,博士,"2004,2008,2013,2014,2014,2016,2016,2017,2018"
储祥好,男,汉族,1968,安徽,1995,中国共产党,研究生管理学,博士,"1986,1993,1996,1999,2001,2005,2007,2010,2010,2011,2013,2015,2016,2019,2019,2020,2020"
胡玉亭,男,汉族,1964,山西,1986,中国共产党,工程硕士、高级管理人员工商管理,硕士,"1982,1986,1989,1994,1996,1998,1999,2000,2002,2008,2011,2012,2012,2013,2014,2016,2018,2018,2019,2019"
杨勤荣,男,山西省新绛县人,汉族。1,大学,1991,中国共产党,大学工学,学士,"1984,1992,1994,1995,1995,1996,1998,2002,2003,2007,2009,2010,2011,2014,2016,2017,2017,2018"
曲孝丽,女,汉族,1963,山东,1990,中国共产党,法学,博士,"1981,1985,1995,1996,1996,1999,2000,2001,2002,2006,2011,2012,2013,2014,2016,2018,2019"
熊燕斌,男,汉族,1968,江西,1991,中国共产党,公共管理,硕士,"1987,1991,1993,1997,2001,2001,2004,2006,2007,2008,2010,2012,2015,2019,2020"
罗清宇,男,汉族,1963,山西,1986,中国共产党,工学,硕士,"1982,1986,1988,1993,1995,1995,1996,1998,2000,2001,2001,2004,2008,2008,2009,2012,2016,2016,2016,2016,2017,2017"
廉毅敏,男,汉族,1964,山西,1984,中国共产党,理学,博士,"1981,1986,1989,1991,1993,1996,2000,2006,2011,2011,2013,2013,2016,2018,2019"
李晓波,男,汉族,1963,内蒙,1986,中国共产党,工程硕士、高级管理人员工商管理,硕士,"1980,1984,1987,1990,1993,1995,1996,1997,1998,1998,1999,2000,2000,2001,2002,2008,2008,2015,2017,2018,2018,2019,2019"
董一兵,男,汉族,1963,山西,1985,党,公共管理,硕士,"1981,1985,1987,1989,1989,1990,1992,1997,1998,2001,2004,2009,2011,2013,2013,2015,2016,2017,2018,2018,2019,2020"
李云峰,男,汉族,1969,山西,1992,中国共产党,公共管理,硕士,"1990,1994,1996,2000,2001,2003,2004,2004,2008,2009,2013,2016,2016,2017,2017,2019,2019,2020,2020"
雷健坤,女,汉族,1971,山西,,,哲学,博士,"1989,1993,1996,1999,2002,2003,2003,2005,2011,2013,2016,2016,2018,2018"
丁小强,男,汉族,1972,江苏,1994,中国共产党,经济学,博士,"1991,1995,1997,1998,2001,2004,2007,2010,2011,2011,2012,2012,2016,2017,2019,2019"
张复明,男,汉族,1963,山西,,,管理学,博士,"1980,1984,1986,1989,1997,1998,2001,2004,2008,2008,2011,2013,2016,2017"
吴伟,男,汉族,1969,湖北,1998,中国共产党,经济学,博士,"1987,1991,1994,1995,1998,2002,2004,2007,2010,2011,2013,2014,2015,2015,2017,2018,2019,2019"
石泰峰,男,汉族,1956,山西,1982,中国共产党,法学,硕士,"1974,1975,1977,1978,1982,1985,1990,1992,1996,1999,1999,2000,2001,2002,2002,2010,2011,2011,2011,2014,2015,2016,2017,2017,2019,2020"
王旺盛,男,蒙古族,1972,19,1994,中国共产党,农业推广,硕士,"1991,1994,1994,1995,1996,1999,2001,2004,2006,2007,2010,2012,2016,2018,2019,2019,2020,2020"
张恩惠,男,汉族,1967,在职,1989,党,高级管理人员工商管理,硕士,"1987,1991,1992,1995,1996,1999,2000,2002,2003,2005,2007,2010,2012,2014,2016,2020"
郝茂荣,男,蒙古族,1963,内蒙,1987,党,工学,博士,"1981,1985,1985,1988,1992,1993,1996,1996,1998,2000,2001,2007,2011,2013,2016,2016,2017"
王莉霞,女,蒙古族,1964,辽宁,1992,中国共产党,经济学,博士,"1981,1985,1985,1997,2000,2000,2001,2003,2005,2006,2011,2011,2013,2016,2016,2019"
段志强,男,蒙古族,1962,内蒙,1987,中国共产党,理学,学士,"1980,1984,1988,1991,1994,1996,1996,1998,2000,2002,2006,2007,2010,2011,2012,2016,2017,2018,2019,2020"
张佰成,男,汉族,1968,黑龙,2002,中国共产党,工学,硕士,"1998,2001,2003,2004,2010,2016,2018,2019,2020"
张韶春,男,汉族,1963,安徽,1986,中国共产党,管理学,博士,"1979,1983,1983,1989,1990,1993,1995,1998,1999,2002,2007,2008,2008,2012,2018,2019"
布小林,女,蒙古族,1958,内蒙,1985,中国共产党,法学,博士,"1976,1977,1980,1984,1985,1987,1989,1993,1996,1997,2000,2003,2004,2006,2006,2007,2008,2008,2010,2011,2014,2016,2016,2016"
杨伟东,男,汉族,1964,安徽,1987,中国共产党,工学,学士,"1981,1985,1988,1989,1994,1997,2000,2001,2002,2005,2006,2007,2010,2013,2014,2015,2015,2018,2018,2019"
孟宪东,男,汉族,1965,19,1988,党,农业推广,硕士,"1983,1988,1996,1998,2000,2002,2006,2008,2011,2014,2015,2016,2016,2020"
李秉荣,男,汉族,1964,陕西,,,农学,博士,"1981,1985,1988,1991,1993,1996,2000,2003,2005,2007,2007,2012,2013,2018"
张院忠,男,汉族,1959,陕西,1983,中国共产党,文学,学士,"1979,1983,1985,1987,1990,1992,1994,1995,1999,2003,2004,2006,2007,2010,2013,2015,2015,2016,2016,2016,2019,2020"
唐毅,男,汉族,1975,四川,1998,中国共产党,公共管理,硕士,"1995,1999,2001,2002,2003,2005,2006,2010,2015,2016,2019,2020"
衡晓帆,男,汉族,1967,山西,1987,中国共产党,法律,硕士,"1985,1989,1993,1994,1995,1995,1998,2000,2002,2004,2009,2011,2015,2015,2018,2018,2019,2020,2020"
白玉刚,男,蒙古族,1965,内蒙,1993,中国共产党,文学,学士,"1984,1988,1990,1996,2000,2000,2002,2007,2010,2014,2016"
欧阳晓晖,男,汉族,1961,江西,1997,中国共产党,医学,硕士,"1978,1983,1987,1990,2000,2002,2006,2008,2010,2013,2014,2015,2016,2018"
杜学军,男,蒙古族,1965,内蒙,1988,党,法学,博士,"1980,1986,1991,1993,1998,2002,2006,2006,2007,2008,2008,2011,2013,2013,2015,2017"
郑宏范,男,汉族,1965,河南,1985,中国共产党,法学,硕士,"1983,1987,1990,1992,1995,1997,2000,2004,2005,2008,2014,2019"
奇巴图,男,蒙古族,1971,内蒙,1995,中国共产党,公共管理,硕士,"1989,1991,1996,1997,1999,1999,2000,2003,2008,2009,2013,2014,2016,2016,2018"
艾丽华,女,蒙古族,1964,辽宁,1986,中国共产党,公共管理,硕士,"1983,1987,1991,1996,1997,2000,2002,2002,2003,2004,2006,2010,2012,2014,2015,2016,2016,2017,2017"
赵江涛,男,蒙古族,1962,内蒙,1984,中国共产党,,硕士,"1980,1984,1987,1991,1991,1993,1995,1999,2001,2006,2010,2012,2012,2014,2017,2018"
张晓兵,男,汉族,1971,籍贯,1991,党,教育学,学士,"1989,1993,1996,1999,2001,2002,2002,2010,2011,2014,2015,2016,2017"
李秀领,男,汉族,1962,江苏,1984,中国共产党,历史学,博士,"1980,1984,1989,1997,1998,2000,2000,2001,2003,2003,2011,2012,2012,2016,2018,2019"
林少春,男,汉族,1962,广东,1988,党,经济学,硕士,"1978,1982,1988,1995,1997,2000,2003,2004,2008,2012,2015,2017,2017,2019,2019"
黄志强,男,汉族,1970,江苏,1992,中国共产党,工商管理,硕士,"1988,1993,1995,1999,2002,2004,2005,2006,2007,2011,2014,2014,2015,2019,2019"
刘奇凡,男,汉族,1967,贵州,1994,中国共产党,管理学,硕士,"1984,1988,1990,1994,1999,2001,2002,2005,2006,2009,2011,2012,2015,2016,2016,2018"
代钦,男,蒙古族,1967,内蒙,1990,中共党员,法学,学士,"1985,1989,1990,1991,1995,1998,2000,2002,2006,2008,2011,2015,2016,2016,2018,2018,2019"
牛俊雁,男,汉族,1962,山西,1991,中国共产党,高级管理人员工商管理,硕士,"1979,1982,1992,1994,1997,1998,2001,2003,2004,2007,2008,2009,2013,2015,2015,2016,2016"
卢柯,男,汉族,1965,甘肃,,,,博士,"1985,1997,2001,2012,2018"
王德佳,男,汉族,1963,19,1989,中国共产党,,博士,"2013,2014,2016,2016,2018"
于天敏,男,汉族,1964,重庆,1986,中国共产党,法学,博士,"1982,1986,1997,2001,2004,2005,2010,2015,2017,2019,2019"
王凤波,男,汉族,1963,19,1986,中国共产党,,博士,2015
王明玉,男,汉族,1963,辽宁,1987,中国共产党,管理学,硕士,"1984,1988,1989,1991,1993,1994,1996,1998,2003,2006,2010,2011,2013,2014,2018,2018"
陈绿平,男,汉族,1963,广东,1986,中国共产党,教育学,博士,"1980,1982,1988,2002,2004,2007,2007,2011,2011,2012,2015,2015,2017,2017,2018"
付忠伟,男,汉族,1963,19,1984,中国共产党,,硕士,"2013,2015,2015,2016,2016,2018"
李士伟,男,满族,1964,辽宁,,,工学,学士,"2017,2018,2019"
吕志成,男,汉族,1966,河北,1996,中国共产党,经济学,硕士,"2001,2003,2006,2011,2013,2015,2015,2016,2017,2017,2018,2019"
谢卫东,男,汉族,1964,19,1990,中国共产党,,硕士,"2019,2019"
田树槐,男,汉族,1965,辽宁,1987,中国共产党,管理学,硕士,"1981,1984,1989,1991,1991,1995,1996,1997,2000,2002,2003,2006,2009,2009,2009,2010,2011,2015,2016,2016,2016"
王健,男,汉族,1965,19,1985,中国共产党,,硕士,"1984,1988,1993,1995,1996,2001,2001,2004,2006,2006,2007,2007,2008,2010,2011,2011,2013,2013,2016,2016,2016,2018"
范继英,女,汉族,1963,辽宁,1985,中国共产党,经济学,硕士,"1980,1982,1988,1993,2001,2002,2008,2013,2016,2020"
余功斌,男,汉族,1967,19,1987,党,全日制经济学,硕士,"2005,2013,2016,2016,2019"
蹇彪,男,辽宁黑山人,满族,19,1985,中国共产党,经济学,博士,"1984,1988,1989,1993,1994,1996,1998,1998,2002,2003,2006,2006,2006,2007,2008,2010,2011,2014"
陈绍旺,男,天津市人,1971,19,1992,中国共产党,经济学,博士,"2015,2016,2018,2020,2020"
陈向群,男,汉族,1962,河北,1982,中国共产党,工学,学士,"1979,1983,1987,1987,1988,1991,1992,1994,1995,1997,1998,1999,2000,2002,2003,2007,2008,2010,2013,2014,2014,2015,2015,2019"
裴伟东,男,汉族,1964,内蒙,1989,中国共产党,,硕士,"1982,1989,1997,1998,2001,2004,2008,2009,2014,2015,2018,2019"
王一兵,男,汉族,1964,19,1986,中国共产党,,博士,"1982,1985,1986,1989,1990,1995,1996,1997,2002,2002,2006,2006,2007,2007,2008,2009,2010,2011,2015,2015,2016,2017,2018,2018"
汤方栋,男,汉族,1962,19,1985,中国共产党,,博士,"2016,2018,2018"
姜小林,男,汉族,1965,19,1986,中国共产党,,硕士,2018
王大伟,男,汉族,1964,黑龙,1984,党,管理学,博士,"1987,1990,1992,1992,1994,1997,1998,1998,1999,2001,2003,2007,2009,2013,2013,2017,2018"
高键,男,汉族,1969,山西,1991,中国共产党,文学,硕士,"1988,1992,1992,1995,1997,1999,2001,2001,2003,2008,2011,2013,2016,2016,2016,2017,2018,2018,2020"
张立林,男,土家族,1971,湖南,1994,中国共产党,经济学,博士,"1988,1992,1994,1997,1998,2000,2000,2001,2002,2005,2005,2006,2009,2012,2012,2014,2017,2019"
张雷,男,汉族,1961,江苏,1985,中国共产党,工学,学士,"1978,1982,1984,1988,1988,1994,1996,1996,1997,2000,2001,2002,2003,2003,2007,2008,2009,2014,2017,2018,2018,2018,2019"
陆治原,男,汉族,1964,陕西,陕西省绥德县人。1987,中国共产党,,硕士,"1984,1988,1990,1993,1995,1997,1998,2000,2002,2005,2005,2008,2010,2011,2012,2015,2016,2017,2018,2018,2018"
廖建宇,男,汉族,1964,四川,1986,党,理学,学士,"1981,1985,1985,1989,1992,1994,1996,1998,2001,2004,2006,2008,2010,2012,2015,2017,2018"
夏德仁,男,汉族,1955,山东,,,经济学,博士,"1974,1978,1982,1984,1987,1990,1992,1994,1996,1998,2000,2001,2001,2003,2006,2009,2011,2013,2013,2013"
张淑萍,女,汉族,1965,19,1990,中国共产党,,硕士,"1982,1986,1990,1992,1994,1996,1996,2002,2003,2007,2008,2008,2010,2015,2016,2017,2018,2018,2019"
张成中,男,汉族,1970,19,1998,中国共产党,,硕士,"2017,2018"
王力威,男,汉族,1963,19,1984,中国共产党,,硕士,"1985,1986,1987,1989,1992,1993,1995,1998,1998,2001,2001,2002,2003,2005,2012,2013,2016,2016,2016"
赵长富,男,汉族,1961,19,1982,党,工学,学士,"2015,2016,2016"
周波,男,汉族,1962,上海,,,工商管理,硕士,"2013,2013,2016,2017,2019"
许桂清,女,满族,1970,19,1991,党,法学,博士,"2019,2019"
谭作钧,男,汉族,1968,湖南,,,工商管理,硕士,"1998,2000,2001,2002,2003,2005,2007,2008,2012,2015,2016,2016,2017,2017"
姜有为,男,汉族,1967,吉林,1994,中国共产党,管理经济学,硕士,"1985,1989,1994,1995,1996,1997,1999,1999,2000,2004,2005,2006,2008,2009,2009,2010,2011,2013,2015,2016,2017"
吴靖平,男,汉族,1963,安徽,1984,中国共产党,经济学,博士,"1980,1984,1988,1991,1992,1993,1995,1997,1997,2000,2001,2003,2009,2011,2012,2015,2017,2018"
景俊海,1960年12月生,汉族,男,陕西,1982,中国共产党,工学,硕士,"1978,1982,1992,1993,1995,1997,1999,2002,2003,2003,2004,2005,2005,2008,2008,2012,2012,2015,2017,2017,2018"
李平,男,山东枣庄人,汉族,19,1995,中国共产党,在职北京交通大学经济管理学院,硕士,"2009,2010,2010,2011,2014,2016,2016,2018,2019,2019"
王凯,男,汉族,1962,河南,1984,党,经济学,博士,"1979,1983,1988,1991,1995,1999,2002,2003,2006,2008,2013,2013,2014,2014,2016,2017,2019"
李景浩,男,朝鲜族,1960,吉林,1989,党,管理经济学,硕士,"1979,1983,1985,1993,1995,1997,2000,2001,2001,2003,2004,2007,2013,2017,2017,2020"
江泽林,男,汉族,1959,安徽,1985,中国共产党,经济学,博士,"1978,1982,1991,1994,1995,1996,1996,1998,2000,2002,2005,2006,2011,2012,2015,2018"
胡斌,男,中共党员,汉族,19,1997,中国共产党,经济学,博士,"1993,1998,2002,2005,2006,2007,2009,2010,2010,2015,2015,2018,2020,2020"
高广滨,男,汉族,1963,黑龙,1984,党,经济学,博士,"1980,1984,1985,1986,1990,1992,1992,1997,1997,2000,2001,2003,2007,2007,2015,2017,2017"
王晓萍,女,汉族,1964,湖北,1988,党,法学,硕士,"1981,1985,1988,1990,1996,1998,2000,2005,2009,2012,2015,2017,2017,2019"
孙弘,女,汉族,1970,中共,,,经济学,博士,"2018,2018"
胡家福,男,汉族,1967,山东,1993,中国共产党,大学文学,学士,"1986,1990,1991,1992,1993,1994,1997,1997,1998,2000,2000,2002,2006,2008,2011,2012,2014,2015,2015,2017,2018,2020"
巴音朝鲁,男,蒙古族,1955,内蒙,1976,党,经济学,硕士,"1976,1980,1982,1985,1988,1991,1992,1993,1998,2001,2003,2004,2007,2010,2011,2012,2012,2013,2014,2014,2014"
阿东,男,回族,1970,辽宁,1996,中国共产党,,博士,"1987,1991,1994,1997,1998,2000,2002,2004,2006,2012,2014,2014,2016,2016,2017,2017,2017,2017,2017,2018,2020"
高志国,男,汉族,1965,吉林,1986,中国共产党,工商管理,硕士,"2017,2019"
郭灵计,男,中共党员,汉族,19,,,法学,硕士,"2000,2002,2004,2007,2011,2014,2016,2018,2018,2018,2020"
柴伟,男,汉族,1964,吉林,1986,中国共产党,工学,学士,"2001,2004,2004,2006,2006,2006,2008,2008,2010,2012,2012,2015,2018,2018,2018"
石玉钢,男,苗族,1965,湖南,1996,中国共产党,法学,硕士,"1982,1986,1989,1989,1993,1997,2000,2001,2003,2009,2011,2016,2017,2018,2019"
孙东生,男,汉族,1964,河南,,,管理学,博士,"1981,1985,1999,2001,2003,2004,2005,2005,2007,2007,2008,2008,2012,2013,2017,2018"
男,汉族,湖北松滋人,1968,19,1991,中国共产党,法律,硕士,"1987,1991,2000,2004,2007,2013,2016,2016,2018,2018,2019,2020,2020"
孙珅,男,汉族,1963,黑龙,1993,中国共产党,工学,博士,"1980,1984,1989,1991,1996,1997,2000,2000,2007,2009,2014,2015,2015,2016,2018"
徐建国,男,汉族,1965,江苏,1990,中国共产党,管理学,博士,"1980,1984,1987,1990,1992,1994,1995,1996,1998,1999,2002,2003,2006,2006,2010,2011,2014,2016,2016,2017,2019,2020"
沈莹,女,汉族,1965,河南,1987,中国共产党,经济学,博士,"1983,1987,1990,1992,1994,1996,1999,2000,2003,2003,2003,2007,2009,2015,2016,2018,2018"
曲敏,男,黑龙江尚志人,汉族,19,1992,中国共产党,1992年11月加入中国共产党。,硕士,"1986,1992,1993,1993,1994,1998,2002,2003,2005,2006,2009,2010,2010,2011,2012,2012,2013,2013,2016,2016,2016"
张雨浦,男,回族,1962,山东,1984,中国共产党,管理学,博士,"1980,1984,1985,1986,1990,1994,1996,2000,2004,2004,2008,2013,2013,2015,2016,2016"
王永康,男,汉族,1963,湖北,1984,中国共产党,工学,博士,"1981,1985,1988,1991,1996,1998,1999,2001,2004,2004,2006,2009,2011,2013,2014,2016,2016,2019,2019"
张安顺,男,汉族,1965,山东,1986,党,工商管理,硕士,"1984,1988,1991,1991,1994,1997,2000,2001,2002,2002,2005,2006,2007,2011,2016,2019,2019"
郑大光,男,汉族,1964,河南,1991,中国共产党,,硕士,"1982,1986,1989,1991,1992,1993,1997,2000,2004,2004,2007,2010,2013,2013,2014,2016,2016,2017,2017,2017,2018,2018"
王秋实,男,汉族,1965,黑龙,1992,中国共产党,研究生工商管理,硕士,"1982,1984,1986,1990,1993,1993,1995,1998,1998,1999,2002,2003,2007,2009,2011,2015,2016,2020"
陈安丽,女,汉族,1963,湖北,1985,中国共产党,工商管理,硕士,"1980,1984,1987,1991,1993,1996,1998,2000,2003,2008,2009,2013,2016,2017,2017,2018,2019"
张子林,男,汉族,1963,中共,1986,中国共产党,经济学,硕士,"1980,1984,1987,1989,1991,1992,1993,1995,1996,2000,2001,2004,2008,2009,2010,2011,2016,2016,2017"
李玉刚,男,籍贯江苏邳县,汉族,19,1989,中国共产党,东北财经大学工商管理专业,硕士,"1985,1987,1988,1991,1992,1994,1997,1999,2002,2002,2006,2006,2011,2011,2014,2014,2016,2016"
韩立华,男,汉族,1963,黑龙,1986,中国共产党,管理学,博士,"1982,1986,1989,1991,1992,1996,2000,2004,2009,2012,2012,2013,2015,2015,2017,2017"
贾君,男,汉族,1963,辽宁,1990,中国共产党,,硕士,"1981,1986,1990,1992,1993,1995,1997,1999,2000,2002,2004,2007,2009,2012,2015,2016,2016,2017,2017"
张庆伟,男,汉族,1961,河北,1992,中国共产党,管理学,博士,"1978,1982,1985,1988,1992,1996,1998,1999,2001,2002,2007,2008,2011,2012,2017,2017,2017"
王兆力,男,汉族,1962,黑龙,1984,中国共产党,工学,硕士,"1980,1984,1987,1990,1992,1994,1996,2000,2004,2004,2009,2011,2012,2014,2017"
张恩亮,男,黑龙江望奎人,满族,19,1998,中国共产党,中国农业科学院农业推广与管理,硕士,"2000,2001,2002,2003,2008,2011,2011,2011,2016"
邵国强,男,汉族,1965,籍贯,1985,中国共产党,高级工商管理,硕士,"1982,1985,1988,1990,1992,1995,1996,1997,1997,1999,1999,2003,2004,2006,2009,2014,2016,2017,2017,2017,2017,2018"
男,汉族,辽宁锦西人,1963,19,1984,中国共产党,工学,硕士,"1981,1985,1993,1995,1997,1999,2002,2007,2012,2015,2018,2018,2019,2020"
张宝伟,男,汉族,1965,黑龙,1984,中国共产党,2008年1月大连理工大学软件工程专业,硕士,"1983,1987,1988,1989,1993,1994,1995,1998,1998,2002,2006,2011,2016,2020"
孙喆,男,汉族,1963,山东,1984,中国共产党,工学,博士,"1981,1985,1996,1999,2000,2000,2007,2010,2010,2013,2014,2014,2015,2015,2017,2018,2018"
贾玉梅,女,汉族,1963,山东,1983,中国共产党,经济学,博士,"1981,1984,1985,1986,1992,1994,1995,2000,2004,2004,2009,2009,2013,2014,2015,2017,2017,2019,2019"
陈海波,男,汉族,1962,吉林,1982,中国共产党,工学,硕士,"1979,1983,1984,1986,1986,1989,1990,1990,1991,1991,1994,1997,1998,2000,2004,2005,2006,2008,2010,2014,2017"
张常荣,男,一九六三年八月出生,汉族,黑龙,一九八五,中国共产党,获经济学,硕士,"1981,1985,1988,1992,1992,1993,1996,1999,2000,2000,2001,2004,2006,2010,2010,2013,2014,2015,2015,2018,2018"
李世峰,男,汉族,1976,浙江,1997,中国共产党,文学硕士、公共管理,硕士,"1995,1999,2000,2000,2002,2003,2006,2007,2007,2011,2013,2014,2015,2018,2019,2020"
杨博,男,汉族,1968,籍贯,1991,中国共产党,工商管理,硕士,"1984,1987,1990,1994,1995,1997,2000,2003,2005,2006,2008,2010,2012,2014,2015,2015,2016,2018,2018,2019"
王文涛,男,汉族,1964,江苏,1994,中国共产党,工商管理,硕士,"1981,1985,1991,1992,1994,1997,1998,2001,2002,2005,2005,2007,2007,2008,2008,2011,2015,2017,2018,2018"
李毅,男,汉族,1970,陕西,1991,中国共产党,工程,硕士,"1985,1988,1992,1996,1997,1998,2002,2003,2006,2009,2011,2014,2015,2017,2017,2018,2020,2020"
黄建盛,男,汉族,1957,江西,1976,中国共产党,高级管理人员工商管理,硕士,"1974,1981,1982,1984,1988,1991,1992,1996,1999,2000,2001,2006,2007,2008,2008,2012,2016,2016,2017,2017,2018"
于洪涛,男,汉族,1967,山东,1989,中国共产党,工商管理,硕士,"1987,1989,1990,1992,1995,1997,1997,1998,1998,2002,2004,2007,2012,2014,2016,2017,2018,2018"
杨廷双,男,汉族,1965,黑龙,1985,中国共产党,研究生管理学,博士,"1983,1987,1991,1994,1996,1996,1998,1998,2000,2000,2003,2013,2018,2020"
李海涛,男,汉族,1963,黑龙,1989,中国共产党,管理学,博士,"1980,1984,1990,1992,1996,1997,2000,2000,2003,2004,2010,2011,2013,2014,2015,2016,2016,2017,2017,2017"
王岚,女,汉族,1974,籍贯,1992,中国共产党,经济学,学士,"2019,2020"
王为人,男,汉族,1968,籍贯,1990,中国共产党,工学,学士,"2013,2014"
姜冬冬,男,汉族,1976,籍贯,1996,中国共产党,经济学,博士,2020
薛侃,男,福建福清人,1972,中共,,,法律,硕士,"2019,2020"
吴清,男,汉族,1965,安徽,,,经济学,博士,"2010,2011,2013,2016,2017,2018,2019"
蒋卓庆,男,汉族,1959,浙江,1985,中国共产党,管理学,学士,"1977,1980,1982,1986,1987,1992,1993,1994,2002,2003,2006,2008,2010,2013,2013,2015,2016,2018,2019,2020"
陈杰,男,汉族,1969,江苏,,,工学,博士,"2019,2020"
杲云,男,汉族,1965,籍贯,1996,中国共产党,公共管理,硕士,"2013,2013,2016,2016,2017,2018"
程向民,男,汉族,1964,籍贯,1986,中国共产党,管理学,博士,"2013,2013,2016"
翁祖亮,男,汉族,1963,福建,,,工商管理,硕士,"1983,1988,1990,1993,1998,1999,2001,2002,2003,2004,2006,2008,2008,2008,2011,2011,2013,2015,2016,2016,2016,2017"
许昆林,男,汉族,1965,获经,,,获经济学,学士,"1986,1996,2002,2009,2014,2015,2016,2017"
陆方舟,男,汉族,1967,江苏,,,工商管理,硕士,"2018,2020"
谢坚钢,男,汉族,1968,浙江,1992,中国共产党,法学,博士,"2015,2019"
董云虎,男,汉族,1962,浙江,,,哲学,硕士,"1979,1983,1986,1987,1989,1991,1994,1996,1997,1999,2000,2009,2011,2015,2018,2018"
庄木弟,男,汉族,1965,籍贯,1987,中国共产党,工商管理,硕士,"2013,2013,2016"
汤志平,男,汉族,1965,上海,,,工学,硕士,2019
宗明,女,汉族,1963,江苏,,,法学,博士,2019
彭沉雷,男,汉族,1962,北京,1984,中国共产党,法学,博士,2017
胡卫国,男,汉族,1963,上海,,,农学,学士,
倪耀明,男,汉族,1963,上海,,,高级管理人员工商管理,硕士,
鲍炳章,男,汉族,1963,籍贯,1984,中国共产党,医学,学士,"2014,2014,2016"
凌希,男,汉族,1961,江苏,,,军事,硕士,2017
缪京,男,汉族,1971,籍贯,1998,中国共产党,高级管理人员工商管理,硕士,"2015,2019,2020,2020"
诸葛宇杰,男,汉族,1971,上海,,,工商管理,硕士,"2013,2013,2015,2016,2017,2017"
曹立强,男,汉族,1966,籍贯,,,工商管理,硕士,"2013,2013,2017"
胡广杰,男,汉族,1971,浙江,,,管理学,硕士,2019
于绍良,男,汉族,1964,河北,,,文学,学士,"1984,1999,2004,2008,2010,2014,2016,2018"
李谦,男,汉族,1973,四川,1996,中国共产党,工商管理,硕士,2019
李政,男,汉族,1970,湖北,,,工学,硕士,"2017,2017,2019"
男,1972年11月出生,籍贯江西广丰,汉族,文化,1993,中国共产党,公共管理,硕士,"2016,2018,2019"
刘健,男,汉族,1968,辽宁,,,高级管理人员工商管理,硕士,2020
周慧琳,男,汉族,1962,山东,山东蓬莱人。1984,中国共产党,教育学,博士,2018
陈宇剑,男,汉族,1972,山东,,,公共管理,硕士,"2017,2017,2019,2020"
廖国勋,男,土家族,1963,四川,,,理学,学士,"1979,1983,1985,1986,1987,1988,1990,1993,1994,1997,1998,1998,2001,2007,2008,2011,2012,2012,2015,2016,2018,2020,2020"
方世忠,男,安徽芜湖人,汉族,19,1989,中国共产党,哲学,博士,"2013,2013,2016"
陈寅,男,汉族,1962,江苏,,,工商管理,硕士,"1980,1984,1985,1986,1989,1991,1992,1994,1998,2000,2003,2006,2006,2007,2010,2015,2016,2017,2017,2019,2019"
郭芳,女,汉族,1970,福建,,,公共管理,硕士,
龚正,男,汉族,1960,江苏,经济学博士。1985,中国共产党,经济学,博士,"1986,2003,2008,2008,2012,2013,2013,2015,2015,2017,2020"
李强,男,汉族,1959,浙江,1983,中国共产党,高级管理人员工商管理,硕士,"1976,1977,1978,1982,1983,1984,1984,1985,1988,1990,1991,1992,1996,1998,1998,2000,2002,2003,2004,2005,2011,2012,2012,2013,2016,2017,2017,2017"
陈群,男,汉族,1964,江苏,,,理学,博士,"2017,2018"
汪泓,女,汉族,1961,研究,1982,中国共产党,管理学,博士,"2012,2013"
刘学新,男,汉族,1963,山东,1985,中国共产党,经济学,硕士,"2001,2001,2003,2004,2004,2008,2009,2014,2015,2016,2018,2020"
吴信宝,男,汉族,1965,安徽,1994,中国共产党,工学,博士,2016
巢克俭,男,汉族,1971,籍贯,1996,中国共产党,经济学,硕士,"2015,2015,2016,2018,2018"
男,1965年1月生,江苏泰兴人,汉族,中共,,,工学,硕士,"2019,2020"
费高云,男,汉族,1971,江苏,1992,中国共产党,公共管理,硕士,"1989,1993,1995,1996,1999,2000,2002,2004,2006,2007,2008,2010,2011,2012,2012,2013,2013,2013,2014,2017,2018,2018"
张宝娟,女,汉族,1967,江苏,1994,中国共产党,,硕士,"1986,1990,1994,1997,2000,2005,2009,2010,2012,2015,2015,2016,2016,2016,2017,2018,2019,2020"
郭元强,男,汉族,1965,河南,1986,中国共产党,工学,博士,"1984,1988,1990,1993,1996,2003,2008,2011,2012,2012,2013,2016,2017,2018,2019"
吴政隆,男,汉族,1964,江苏,1987,中国共产党,工学,学士,"1980,1984,1987,1988,1990,1993,1996,1998,1999,1999,2002,2003,2007,2007,2011,2011,2013,2013,2014,2014,2016,2016,2017,2017"
陈星莺,女,汉族,1964,湖南,,,工学,博士,"1980,1984,1997,1998,2000,2001,2004,2007,2007,2013,2017,2017,2017,2018"
马欣,男,汉族,1967,天津,1989,中国共产党,管理学,博士,"1986,1990,1994,1997,1999,2000,2001,2002,2002,2005,2006,2009,2012,2013,2016,2018,2020,2020"
陈金虎,男,汉族,1967,江苏,1987,中国共产党,,硕士,"1985,1989,1992,1995,1996,1998,2000,2002,2006,2008,2012,2014,2015,2019,2020"
陈之常,男,汉族,1974,四川,1996,党,法学,学士,"2019,2019,2020"
王晖,现任南通市委副书记、代市长。男,汉族,1968,江苏,1993,中国共产党,,博士,"1987,1991,1994,1997,2000,2001,2003,2003,2006,2009,2012,2012,2015,2017,2019,2020"
娄勤俭,男,汉族,1956,贵州,1975,中国共产党,工学,博士,"1973,1978,1982,1985,1988,1990,1993,1995,1998,1999,1999,2008,2010,2010,2012,2013,2016,2016,2017,2018"
戴源,男,安徽天长人,1962,19,1985,中国共产党,北京航空学院制造工程系机械制造专业工学,学士,"1978,1982,1983,1984,1987,1988,1989,1992,1997,2000,2001,2005,2008,2008,2008,2012,2013,2016,2017,2018"
赵世勇,男,汉族,1966,四川,1988,中国共产党,农学,博士,"1986,1990,1996,2000,2004,2007,2008,2010,2014,2014,2014,2016,2018,2019,2020"
刘旸,男,汉族,1967,吉林,1988,中国共产党,法学,硕士,"1987,1991,1994,1996,1998,2002,2002,2004,2006,2009,2014,2014,2017,2018"
王昊,男,汉族,1965,安徽,1985,中国共产党,公共管理,硕士,"1983,1987,1990,1994,1998,2001,2001,2002,2003,2007,2007,2008,2011,2016,2017,2018,2019"
郭文奇,男,汉族,1963,河北,1984,中国共产党,工学,博士,"2001,2014,2014,2016,2016,2017,2017"
徐曙海,男,汉族,1968,江苏,1993,中国共产党,,博士,"1986,1990,1995,1995,1998,2002,2004,2007,2008,2010,2011,2015,2016,2018,2018,2020"
樊金龙,男,汉族,1963,江苏,1983,中国共产党,工商管理,硕士,"1979,1981,1982,1983,1985,1986,1990,1992,1994,1994,1996,1999,2003,2004,2005,2008,2011,2018,2019"
男,汉族,广东大埔人,1964,19,1984,党,,博士,"1981,1985,1987,1990,1994,1996,1998,1998,1998,1998,1999,2000,2001,2003,2006,2011,2012,2013,2014,2014,2015,2017,2018,2019"
惠建林,男,汉族,1964,江苏,1992,中国共产党,文学,学士,"1982,1986,1988,1990,1992,1994,1995,2001,2002,2006,2008,2011,2016,2017,2018,2020,2020"
王立科,男,满族,1964,山东,1984,中国共产党,工商管理,硕士,"1980,1981,1982,1987,1987,1993,1998,1999,2002,2004,2006,2007,2008,2009,2009,2010,2012,2013,2013,2015,2017,2017"
黄莉新,女,汉族,1962,江苏,1983,中国共产党,工学,博士,"1979,1983,1987,1989,1993,1996,1997,1998,2000,2003,2007,2011,2012,2015,2016,2016,2016,2017,2018,2018"
夏心旻,男,汉族,1965,江苏,1988,中国共产党,,硕士,"1985,1986,1991,1996,1998,1999,2001,2003,2005,2006,2014,2016,2018,2019,2019"
李亚平,男,汉族,1963,江苏,1984,中国共产党,,博士,"1980,1985,1986,1988,1991,1993,1998,2001,2002,2004,2006,2006,2007,2010,2011,2013,2017,2018"
方伟,男,汉族,1965,江苏,1986,党,工商管理,硕士,"2018,2019"
杜小刚,男,汉族,1976,江苏,1997,中国共产党,,硕士,"1995,1999,2000,2003,2008,2004,2006,2006,2011,2012,2012,2012,2013,2013,2014,2014,2015,2015,2018,2019,2020"
张敬华,男,汉族,1962,江苏,经济学学士学位。1985,中国共产党,经济学,学士,"1981,1985,1987,1993,1994,1996,2000,2001,2003,2004,2006,2008,2009,2010,2012,2012,2013,2016,2016,2017"
史立军,男,汉族,1963,黑龙,1990,中国共产党,,博士,"1980,1984,1988,1993,1995,2000,2002,2013,2014,2014,2015,2015,2016,2019"
曹路宝,男,汉族,1971,安徽,1990,中国共产党,,博士,"1989,1993,1994,2000,2009,2010,2013,2015,2015,2017,2017,2018,2019"
张爱军,男,汉族,1964,江苏,1987,中国共产党,,硕士,"1984,1987,1992,1994,1996,1996,1997,2000,2001,2001,2006,2009,2012,2015,2015,2016,2017,2018"
齐家滨,男,汉族,1967,山东,1992,党,管理学,博士,"2005,2006,2008,2011,2014,2015,2016,2017,2018,2018,2019"
马秋林,男,汉族,1960,江苏,1986,中国共产党,工学,博士,"1978,1982,1983,1988,1988,1991,1993,1996,1998,1999,2002,2004,2005,2006,2008,2010,2013,2014,2015,2016,2016"
杨岳,男,汉族,1968,辽宁,1986,中国共产党,工学,博士,"1986,1991,1996,1997,1997,1999,2001,2005,2008,2009,2011,2011,2011,2016,2016,2018,2018"
蔡丽新,女,汉族,1971,江苏,1992,中国共产党,,博士,"2017,2018,2019"
朱从玖,男,汉族,1965,安徽,1985,中国共产党,经济学硕士、高级管理人员工商管理,硕士,2012
何中伟,男,汉族,1970,河北,,,经济学,博士,"1993,1993,1998,2000,2002,2007,2008,2011,2017,2018,2018"
马卫光,男,浙江绍兴人,1962,大学,工商管理硕士。1983,中国共产党,工商管理,硕士,"2016,2017,2018"
袁家军,男,汉族,1962,吉林,1992,中国共产党,工学,博士,"2014,2016,2017,2017"
熊建平,男,汉族,1960,江西,1986,中国共产党,工学,硕士,"1978,1982,1984,1987,1992,1994,1994,1995,1997,2001,2002,2005,2007,2007,2013,2017,2017"
黄建发,男,汉族,1965,福建,1987,中国共产党,理学,硕士,"1980,1984,1987,1992,1994,1996,1998,2000,2001,2002,2003,2004,2010,2012,2012,2015,2017,2017,2018"
王文序,女,汉族,1966,浙江,1985,中国共产党,工学,博士,2018
刘忻,男,汉族,1965,陕西,1991,中国共产党,工学,博士,"1983,1987,1992,1993,1995,1995,1996,1998,1998,1999,2001,2001,2005,2008,2012,2013,2013,2016,2017,2018,2018,2018,2019,2020"
冯飞,男,汉族,1962,江西,1985,中国共产党,工学,博士,"1981,1985,1988,1991,1993,1994,1995,1997,1998,1999,2000,2004,2014,2015,2016,2017"
高兴夫,男,汉族,1963,浙江,1986,中国共产党,管理学,博士,"1981,1985,1988,1990,1991,1993,1997,1998,2000,2001,2002,2004,2009,2013,2014,2015,2016"
李跃旗,男,汉族,1970,上海,,,工商管理,硕士,"2011,2012,2014,2015,2016,2019"
徐文光,男,汉族,1968,浙江,,,,硕士,"1990,1992,1996,1998,1998,2000,2002,2002,2003,2006,2006,2011,2012,2014,2014,2016,2016,2016,2017,2018"
刘小涛,男,广东兴宁人,1970,汉族,1991,中国共产党,经济学,硕士,"1988,1992,1995,2000,2004,2005,2008,2012,2013,2014,2016,2016,2017,2017,2017,2019,2020"
许罗德,男,汉族,1962,湖南,1982,中国共产党,经济学,学士,"1983,1996,1999,2003,2007,2013,2015,2017,2018,2018,2019,2020"
盛阅春,男,汉族,1968,浙江,1990,中国共产党,公共管理,硕士,"2018,2018"
郑栅洁,男,汉族,1961,福建,1985,党,工商管理,硕士,"2010,2015,2015,2017,2017,2018"
陈金彪,男,汉族,1963,浙江,1983,中国共产党,理学,学士,"2015,2015,2016"
成岳冲,男,汉族,1962,浙江,,,历史学,硕士,2017
周江勇,男,汉族,1967,浙江,1992,中国共产党,工商管理,硕士,"1982,1985,1988,1997,1998,2001,2002,2002,2002,2005,2010,2012,2013,2014,2015,2016,2017,2017,2018"
彭佳学,男,汉族,1965,安徽,1987,中国共产党,工学,硕士,"2015,2018,2018"
王双全,男,汉族,1963,四川,1983,中国共产党,法律,硕士,2018
陶明伦,男,汉族,1963,河南,1983,中国共产党,工商管理,硕士,"1979,2020"
丁纯,男,汉族,1970,江苏,1991,中国共产党,,硕士,"1988,1992,1995,1998,1999,2000,2003,2008,2010,2010,2012,2016,2017,2019"
何树山,男,汉族,1964,山东,1986,中国共产党,工学,博士,"1984,1996,2000,2002,2008,2009,2013,2017"
邓向阳,男,汉族,1961,山东,1985,中国共产党,历史学,学士,"1978,1982,1984,1987,1991,1992,1993,1993,1998,2000,2002,2006,2007,2008,2008,2013,2014,2017,2017,2018"
李国英,男,汉族,1963,河南,1988,党,理学,博士,"1980,1984,1987,1991,1992,1994,1995,1995,1997,1998,1999,1999,2001,2011,2015,2015,2016,2016,2016,2017"
信长星,男,汉族,1963,山东,,,经济学,硕士,"1979,1983,1986,1988,1989,1991,1993,1994,1997,1998,1999,2001,2002,2005,2006,2008,2010,2014,2016,2016"
叶露中,男,安徽巢湖人,汉族,大学,1984,中国共产党,经济学,学士,"1982,1986,1994,1996,1997,1999,2001,2002,2004,2004,2007,2008,2011,2011,2013,2016,2016,2017,2018"
张祥安,男,安徽和县人,汉族,研究,1984,中国共产党,管理学,硕士,"1985,1989,1990,1992,1993,1995,1995,1998,2002,2006,2008,2010,2010,2012,2012,2017,2017"
杨军,男,汉族,1965,吉林,1987,党,管理学,博士,"1981,1985,1988,1992,1995,1997,1998,2001,2003,2004,2007,2008,2013,2014,2016,2017"
章曦,男,汉族,1971,浙江,2001,中国共产党,经济学,博士,"1993,1996,1997,2000,2000,2001,2005,2006,2009,2013,2014,2016,2018,2018,2020,2020"
刘惠,男,汉族,1966,湖南,1995,中国共产党,经济学,博士,"1981,1987,1990,1991,1995,1996,2001,2001,2003,2005,2006,2010,2010,2013,2014,2016,2016,2016,2018"
李锦斌,男,汉族,1958,四川,1978,中国共产党,法学,博士,"1974,1979,1980,1982,1984,1985,1989,1991,1992,1994,1995,1997,1997,1998,2001,2002,2007,2013,2013,2015,2015,2016,2016,2017"
胡启生,男,汉族,1971,安徽,1992,中国共产党,北京大学政府管理学院比较政府与政治专业法学,博士,"1989,1993,1996,1998,2001,2001,2004,2004,2005,2007,2007,2007,2011,2012,2015,2015,2017,2018"
李建中,男,汉族,1965,河南,1991,中国共产党,法律,硕士,"1984,2003,2008,2013,2013,2013,2015,2018"
潘朝晖,男,安徽歙县人,汉族,中国,1986,中国共产党,管理学,硕士,"1983,1986,1987,1988,1994,1996,1996,1999,2000,2001,2002,2006,2008,2011,2011,2013,2013,2013,2014,2017,2017,2017"
孔晓宏,男,汉族,1966,安徽,1989,中国共产党,安徽农学院,硕士,"1982,1986,1989,1990,1993,1996,1997,2000,2000,2002,2003,2006,2008,2008,2011,2013,2015,2015,2015,2019,2019,2019"
张岳峰,男,汉族,1964,安徽,1991,中国共产党,文学,学士,"2013,2016,2017"
王翠凤,女,汉族,1963,安徽,,,法律,硕士,"1980,1994,1998,1999,2000,2012,2013,2017,2017,2018"
张西明,男,汉族,1965,山东,1985,中国共产党,法学,博士,"2005,2008,2009,2013,2015,2015,2016,2020,2020"
汪莹纯,男,生于1962年1月,汉族,安徽,1985,中国共产党,农学,学士,"2016,2016,2017"
丁向群,女,汉族,1965,江苏,1999,中国共产党,经济学,硕士,"1983,1987,1990,1993,1999,2004,2005,2006,2011,2013,2015,2017,2018"
陈冰冰,汉族,安徽凤阳人,1962,19,1984,党,文学,学士,"2012,2013,2014,2015,2016,2016"
张昌尔,男,汉族,1956,湖北,1976,中国共产党,管理学,博士,"1974,1978,1987,1991,1993,1995,1996,1997,1998,1998,2002,2002,2008,2008,2011,2012,2013,2016,2016,2016,2018"
凌云,女,汉族,1964,籍贯,经济学硕士。1988,党,经济学,硕士,"1988,2003,2005,2006,2008,2013,2016,2016"
张孝成,男,汉族,1964,籍贯,1985,党,中国科技大学高级管理人员工商管理,硕士,"1981,1983,1987,1989,1992,1995,1998,1999,2002,2002,2004,2006,2007,2008,2008,2014,2017,2017,2017"
周喜安,男,汉族,1963,河南,,,经济学,博士,"1981,1988,1992,1994,1998,1998,1999,2002,2003,2005,2006,2008,2010,2011,2014,2018"
杜延安,男,汉族,1966,安徽,1986,中国共产党,文学,学士,"1984,1989,1997,2000,2002,2004,2009,2011,2014,2015,2015,2016,2016,2016"
魏晓明,汉族,山西武乡人,1964,19,1999,党,上海交通大学工学,学士,"2013,2013,2016"
杨光荣,男,汉族,1962,湖南,1985,中国共产党,经济学,硕士,"1982,1986,1989,1993,1994,1998,2000,2002,2003,2004,2006,2008,2013,2016,2016,2017,2019"
操龙灿,男,汉族,1965,安徽,1986,中国共产党,管理学,博士,"1986,1988,1991,1997,1999,2000,2002,2004,2005,2007,2009,2013,2016,2017,2019,2020"
沈强,男,汉族,1961,安徽,1983,中国共产党,文学,学士,"1979,1986,1993,1995,1999,1999,1999,2001,2002,2003,2006,2007,2009,2010,2011,2014,2018"
孙云飞,男,汉族,1962,安徽,1986,中国共产党,高级管理人员工商管理,硕士,"1980,1984,1993,1995,1998,2001,2002,2005,2005,2006,2011,2012,2016"
袁方,男,汉族,1969,安徽,1991,中国共产党,工学,学士,"1987,1991,1997,2000,2002,2003,2009,2011,2012,2015,2015,2017,2019,2019"
许继伟,男,安徽怀宁人,汉族,19,1985,中国共产党,工商管理,硕士,"1982,1985,1987,1990,1993,1996,1997,1998,2000,2001,2002,2003,2004,2006,2006,2009,2013,2015,2015,2015,2017,2018"
孙勇,男,安徽蒙城人,汉族,19,1993,中国共产党,农学,学士,
黄晓武,男,汉族,安徽怀宁,19,1986,中国共产党,中国科技大学高级工商管理,硕士,"1983,1987,1991,1995,1998,2001,2003,2003,2006,2006,2008,2013,2013,2016,2016"
虞爱华,男,汉族,1965,安徽,1988,中国共产党,哲学,学士,"1985,1989,1992,1996,1996,1998,1998,2002,2005,2006,2008,2008,2008,2012,2012,2012,2013,2016,2016,2020"
郭宁宁,女,清华大学经济学博士,1970,管理,,,管理学硕士、经济学,博士,"2011,2014,2016,2018,2018,2018"
苏保成,男,汉族,1960,河南,1984,中国共产党,军事学,硕士,
余红胜,男,安徽霍邱人,1970,19,1996,中国共产党,经济学,博士,"2005,2011,2013,2013,2016,2016,2017"
林文耀,男,汉族,1966,福建,,,厦门大学法学,硕士,2016
李德金,男,汉族,1962,福建,1986,中国共产党,经济学,硕士,"1997,2002,2004,2006,2008,2013,2015,2015,2016,2017"
王永礼,男,福建仙游人,1966,中共,,,管理学,博士,"1983,1987,1991,1994,1995,1999,2001,2002,2013,2016,2016,2018,2018,2018"
田湘利,男,汉族,1962,江苏,1984,中国共产党,法律硕士、高级管理人员工商管理,硕士,"1998,2001,2008,2011,2017,2018"
刘建洋,男,汉族,1966,江西,1986,中国共产党,公共管理,硕士,"1981,1985,1991,1996,2001,2002,2004,2006,2010,2011,2016,2016,2018,2018,2018,2019"
袁毅,男,汉族,1964,甘肃,1984,中国共产党,农学,博士,"2010,2012,2013,2016"
唐登杰,男,汉族,1964,江苏,1991,中国共产党,工商管理,硕士,"1986,1995,1997,2001,2001,2003,2011,2013,2013,2017,2018"
李仰哲,男,汉族,1962,陕西,1986,中国共产党,经济学,硕士,"2002,2009,2014,2016,2017,2018,2020,2020"
郭锡文,男,汉族,1968,福建,,,经济学硕士、工商管理,硕士,"2014,2016,2017,2018,2018"
邵玉龙,男,江苏高淳人,1964,中共,,,工学,博士,"1990,1993,1998,2000,2009,2013,2015,2017,2017,2019"
李建成,男,汉族,1967,天津,1993,党,工商管理,硕士,"1984,1988,1989,1993,1994,1996,2000,2002,2004,2006,2007,2011,2016,2017,2019,2020"
胡昌升,男,汉族,1963,江西,1986,中国共产党,历史学,博士,"2004,2005,2006,2006,2007,2012,2012,2015,2017,2019"
梁伟新,男,山东莱州人（在福建南平出生）,1965,中共,,,工商管理,硕士,"1996,1998,1999,2001,2001,2003,2003,2004,2005,2011,2011,2013,2017,2018,2018"
张国旺,男,福建建瓯人,1964,中共,,,工商管理,硕士,"2006,2011,2015,2016,2017,2018,2020,2020"
杨贤金,男,汉族,1962,江苏,1985,中国共产党,工学,博士,"2001,2007,2011,2014,2017,2017,2017,2019,2019"
郑建闽,男,汉族,1965,台湾,,,理学,博士,"2010,2012,2012,2016,2017,2018,2018"
邢善萍,女,安徽和县人,1968,中央,哲学学士。1993,中国共产党,哲学,学士,"1999,2004,2011,2015,2017,2019,2020"
施小琳,女,汉族,1969,浙江,,,工商管理,硕士,"1986,1990,1993,1995,1996,2001,2002,2003,2004,2005,2005,2006,2009,2011,2013,2013,2015,2017,2018"
殷美根,男,汉族,1963,江西,1985,党,高级管理人员工商管理,硕士,"1985,1993,2001,2001,2008,2008,2010,2011,2011,2013,2015,2015,2016,2017,2020"
孙菊生,男,汉族,1964,河南,,,河南淅川人。1988年7月参加工作。管理学,博士,"1982,1986,1988,1994,1996,1999,2000,2002,2011,2012,2013,2013,2018"
赵力平,男,汉族,1961,山东,1984,党,文学,学士,"2011,2015,2015,2016,2018"
吴忠琼,女,汉族,1964,湖北,1987,中国共产党,工学,硕士,"1982,1986,1988,1992,1997,1998,2001,2003,2003,2006,2008,2009,2010,2011,2013,2013,2015,2018"
陈兴超,男,汉族,1963,浙江,1984,党,工程,硕士,"1985,1992,1996,1999,2001,2004,2006,2006,2009,2011,2016,2016,2017"
王少玄,男,汉族,1968,江西,1991,中国共产党,公共管理,硕士,"1988,1992,1994,1996,1999,2002,2003,2005,2008,2011,2014,2015,2015"
黄喜忠,男,汉族,1969,广东,1992,中国共产党,在职研究生学历、管理学,博士,"1988,1993,1996,2000,2003,2004,2005,2007,2008,2008,2011,2012,2015,2016,2017,2018,2018,2019,2020"
姚增科,男,汉族,1960,山西,1982,中国共产党,经济学,学士,"2007,2012,2015,2016,2016,2016,2018,2018"
秦义,男,汉族,1963,内蒙,1985,中国共产党,经济学,学士,"1981,1985,1988,1990,1993,1994,1998,2000,2001,2003,2003,2004,2006,2010,2010,2011,2015,2016,2018"
易炼红,男,汉族,1959,湖南,1985,党,经济学,硕士,"1976,1978,1982,1984,1987,1992,1994,1995,2000,2003,2004,2011,2011,2013,2013,2017,2018,2018,2018,2018"
郭安,男,汉族,1962,江西,江西信丰人。1985,中国共产党,管理学,硕士,"1979,1981,1995,1997,2000,2000,2002,2006,2009,2009,2011,2013,2013,2014,2018"
尹建业,男,白族,1963,云南,1985,党,管理学,硕士,"1982,1986,1987,1990,1992,1993,1995,1995,1997,1999,2001,2001,2002,2007,2007,2011,2013,2013,2015,2015,2016,2016,2017"
曾文明,男,汉族,1963,江苏,1993,中国共产党,理学,学士,"1980,1984,1993,1994,1997,2000,2002,2003,2008,2014,2016,2016,2016"
陈小平,男,汉族,1963,江西,1983,中国共产党,工商管理,硕士,
李炳军,男,汉族,1963,山东,1984,党,工学,学士,"1980,1984,1991,1997,2000,2007,2013,2015,2015,2018"
钟志生,男,汉族,1963,江西,1985,中国共产党,工商管理专业(EMBA),硕士,"1980,1982,1984,1986,1987,1988,1989,1990,1993,1996,2003,2006,2008,2008,2008,2010,2013,2014,2015"
许南吉,男,浙江慈溪人,汉族,19,,,法律,硕士,"1993,1997,1997,1998,2000,2002,2004,2005,2010,2011,2013,2013,2014,2015,2015,2016,2017,2017,2019,2019,2019,2020,2020"
林彬杨,男,汉族,1963,江西,,,,硕士,"1982,1986,1991,1992,1994,2000,2000,2002,2002,2003,2006,2008,2008,2011,2011,2015,2015,2015,2018"
刘奇,男,汉族,1957,山东,1976,中国共产党,经济学,博士,"1974,1977,1980,1992,1996,1996,1997,1997,1998,1998,2000,2003,2003,2006,2008,2008,2011,2011,2013,2016,2016,2016,2016,2018,2018,2018"
李江河,男。汉族,研究生学历,1982,工学,1982,中国共产党,工学,硕士,"1980,1984,1987,1995,1996,2000,2000,2009,2011,2013,2016"
谢来发,男,江西萍乡人,1967,19,,,工学,博士,"1983,1987,1991,1992,1998,1999,2002,2006,2009,2013,2015,2016,2018,2019,2020"
胡强,男,汉族,1962,河北,1990,党,经济学,学士,"1981,1985,1987,1989,1990,1994,1998,2000,2003,2010,2018"
张鸿星,男,汉族,1967,江西,1992,党,高级工商管理,硕士,"1982,1985,1990,1993,1995,1995,1997,1999,2000,2001,2002,2003,2005,2007,2008,2009,2011,2011,2015,2015"
吴晓军,男,汉族,1966,江西,1986,党,经济学,博士,"1984,1988,1992,1994,1996,1998,2003,2006,2010,2013,2014,2017,2017,2017,2019,2020"
李小豹,男,汉族,1968,湖南,1995,中国共产党,哲学,博士,"1986,1988,1992,1995,1996,1999,2000,2002,2007,2008,2010,2010,2011,2011,2013,2014,2016,2016"
张涛,男,汉族,1972,山东,,,公共管理学,硕士,"1989,1993,1997,1999,2000,2002,2002,2003,2004,2007,2011,2013,2016,2018,2019,2019"
孙述涛,男,汉族,1965,山东,1985,党,农学,博士,"1983,1987,1990,1991,1994,1997,1997,2001,2001,2007,2008,2008,2011,2012,2017,2018,2018,2018,2018,2018"
张术平,男,汉族,1964,山东,1985,中国共产党,文学,学士,"1980,1984,1985,1986,1990,1992,1993,1995,1997,2000,2005,2006,2007,2008,2011,2012,2015,2015,2018"
王可,男,汉族,1962,湖南,1987,中国共产党,理学,硕士,"1978,1982,1985,1988,1994,1995,1997,2002,2005,2006,2010,2010,2011,2011,2015,2016,2016,2018,2018,2018"
林峰海,男,汉族,1962,山东,农学学士。1985,中国共产党,农学,学士,"1992,2001,2002,2006,2013,2013,2015,2017,2017"
陈飞,男,汉族,1975,山东,,,法学,博士,"2000,2001,2003,2006,2007,2012,2012,2013,2015,2015,2018,2019,2019"
任爱荣,女,汉族,1963,山东,1984,中国共产党,法学,硕士,2017
孙继业,男,汉族,1963,山东,1990,民革,文学,学士,2018
于杰,男,汉族,1963,河北,1987,中国共产党,工学,博士,2018
陈辐宽,男,江苏高邮人,1965,中国,法学博士。1985,中国共产党,法学,博士,"1997,2003,2003,2008,2011,2016,2016,2018"
闫剑波,男,汉族,1971,山东,1992,中国共产党,工商管理,硕士,"1990,1994,1995,1997,1998,1999,2000,2001,2001,2005,2006,2007,2008,2010,2011,2016,2018,2018,2019,2020,2020"
王书坚,男,汉族,1962,山东,1984,中国共产党,管理学,博士,"1978,1982,1984,1988,1988,1992,1993,1995,1995,1995,1998,1998,2001,2002,2003,2004,2006,2012,2015,2015,2019"
刘家义,1956年8月生,西南财经大学财政系财政学专业毕业,重庆人,在职,"经济学博士,高级审计师。1976",中国共产党,经济学,博士,"1984,1996,2007,2008,2017,2017"
李干杰,男,汉族,1964,湖南,1984,党,工学,硕士,"1981,1986,1989,1993,1994,1996,1998,1999,2000,2000,2001,2002,2005,2006,2008,2016,2017,2017,2018,2020"
李宽端,男,汉族,1963,山东,1985,中国共产党,高级管理人员工商管理,硕士,"1983,1985,1990,1993,1994,1995,1998,2000,2001,2002,2003,2006,2007,2011,2017,2017,2018"
孙爱军,男,汉族,1972,山东,山东省平度市人。1993,党,研究生学历。管理学,博士,"1990,1995,1997,2000,2001,2001,2001,2002,2008,2010,2010,2011,2201,2015,2015,2019"
李永红,男,汉族,1970,山东,1991,党,经营学硕士、经济学,硕士,"1995,1996,1998,2000,2002,2005,2009,2010,2011,2014,2016,2018,2018"
孟凡利,男,汉族,1965,山东,1986,党,经济学,博士,"1982,1986,1997,2000,2000,2005,2005,2009,2013,2013,2013,2014,2015,2015,2017,2017"
王清宪,男,汉族,1963,河北,1986,中国共产党,经济学,博士,"1979,1983,1987,1990,1996,2000,2004,2006,2008,2008,2011,2011,2013,2013,2016,2016,2017,2018,2019"
江敦涛,男,汉族,1969,籍贯,,,管理学,博士,2019
张江汀,男,汉族,1961,山东,管理学博士。1984,中国共产党,管理学,博士,"1995,2001,2002,2003,2006,2011,2015,2017,2017,2019,2019"
于国安,男,汉族,1960,山东,1984,中国共产党,经济学,博士,2017
杨东奇,男,汉族,1962,黑龙,教授。1984,中国共产党,管理学,博士,"1995,1999,2001,2004,2005,2011,2012,2013,2013,2016,2018,2018"
赵志远,男,汉族,1968,山东,1992,党,管理学,博士,"1986,1990,1991,1996,1997,1997,1999,2000,2002,2002,2005,2007,2008,2009,2010,2012,2012,2013,2016,2018,2019"
付志方,男,汉族,1956,河南,1982,党,工学,硕士,"1978,1982,1985,1987,1990,1991,1994,1996,1997,1998,2001,2006,2010,2011,2012,2018"
汲斌昌,男,汉族,1963,山东,1985,中国共产党,工商管理,硕士,"1982,1986,2000,2004,2010,2013,2018,2018,2020,2020"
于海田,男,汉族,1969,19,1993,中国共产党,工学,博士,"1987,1991,1994,1996,1996,1998,1999,2001,2003,2003,2009,2009,2011,2013,2013,2014,2015,2017,2017"
张海波,男,汉族,1969,山东,1988,中国共产党,公共管理,硕士,"1987,1991,1993,1995,1997,1999,2000,2002,2002,2004,2006,2006,2006,2007,2010,2011,2011,2012,2012,2017,2017,2018,2020"
石爱作,男,汉族,1965,山东,1986,中国共产党,山东大学工商管理,硕士,"1981,1983,1985,1986,1987,1987,1990,1991,1992,1994,1997,1998,2001,2002,2003,2003,2005,2006,2006,2007,2007,2009,2011,2012,2012,2016,2016,2018,2019"
李猛,男,汉族,1967,安徽,1994,党,法学,硕士,"1985,1987,1991,1994,1995,1998,2000,2003,2006,2008,2009,2011,2013,2016,2018,2019"
孟庆斌,男,汉族,1968,山东,1986,中国共产党,在职,博士,"1985,1989,1990,1991,1991,1993,1997,1999,2000,2003,2004,2010,2011,2011,2013,2015,2017,2018,2018,2018"
佘春明,男,汉族,1963,山东,1985,中国共产党,文学,硕士,"2015,2015,2019"
宇向东,男,汉族,1964,山东,1985,中国共产党,管理学,博士,"1981,1985,1987,1988,1990,1992,1997,2000,2000,2005,2006,2010,2010,2011,2015,2016,2018,2018,2018"
惠新安,男,汉族,1963,籍贯,,,高级管理人员工商管理,硕士,"1980,1984,1985,1998,2001,2004,2007,2010,2015,2015,2016,2017,2018"
侯红,女,河南社旗人,1967,汉族,1987,党,经济学,硕士,"1990,1992,1994,1998,2001,2002,2006,2010,2011,2013,2014,2014,2015,2015,2017"
戴柏华,男,汉族,1962,湖北,1991,中国共产党,经济学,博士,"1979,1983,1989,1992,1994,1997,1998,1998,2000,2000,2007,2007,2009,2009,2014,2014,2017,2017,2018"
王小平,男,汉族,1962,河北,1984,中国共产党,,学士,"1980,1984,1989,1992,1995,1997,2001,2002,2005,2006,2006,2008,2012,2013,2015,2015,2016"
舒庆,男,满族,1964,山东,1984,中国共产党,理学,博士,"1981,1985,1988,1991,1994,1995,1996,1998,2000,2001,2002,2005,2006,2007,2008,2010,2011,2011,2012,2014,2014,2015,2016,2017,2017,2017,2017,2018"
任正晓,男,汉族,1959,湖南,1985,中国共产党,法学,博士,"1978,1981,1989,1989,1993,1994,1996,1998,2001,2012,2014,2016,2018"
杨青玖,男,汉族,1969,河南,1996,中国共产党,法学,博士,"1986,1990,1997,2001,2002,2007,2009,2010,2011,2012,2012,2012,2013,2016,2016,2018"
张雷明,男,汉族,1966,河南,1987,中国共产党,"河南淇县人,大学学历,工学",学士,"1984,1988,1995,1998,2000,2000,2001,2004,2004,2008,2008,2010,2015,2016,2017,2017,2018"
张战伟,男,汉族,1963,河南,1985,中国共产党,法学,硕士,"1981,1985,1988,1991,1992,1997,1997,1999,2001,2003,2007,2010,2010,2015,2016"
乔新江,男,汉族,1961,河南,1990,中国共产党,公共管理,硕士,"1980,1984,1989,1992,1993,1996,2000,2001,2006,2011,2012,2012,2016,2017,2017,2018"
穆为民,男,汉族,1961,河南,1985,中国共产党,在职工商管理,硕士,"1980,1983,1985,1989,1992,1994,1996,1997,2000,2003,2006,2009,2009,2009,2013,2016,2016,2017"
丁福浩,男,河南新密人,1961,汉族,,,管理学,博士,"2017,2017"
安伟,男,汉族,1966,河南,1988,中国共产党,历史学,硕士,"1984,1988,1991,2009,2013,2015,2015,2015,2015,2016"
刘玉江,男,汉族,1971,山东,1992,中国共产党,法学,博士,"1990,1994,1997,1998,2001,2002,2006,2007,2008,2012,2014,2015,2018,2020,2020"
孔昌生,男,汉族,1963,甘肃,甘肃静宁人。1988年7月参加工作。1988,中国共产党,获法学,硕士,"2014,2017"
徐衣显,男,汉族,1967,河北,1988,中国共产党,在职法学,博士,"1986,1990,1991,1994,1996,2001,2002,2005,2007,2009,2009,2009,2009,2012,2012,2013,2013,2013,2015,2015,2015,2015,2016"
宋殿宇,男,汉族,1963,河南,1986,中国共产党,经济学,硕士,"1980,1984,1984,1991,1996,1999,2000,2003,2004,2009,2014,2014,2016,2017,2018"
高建军,男,河南新密人,1969,汉族,1991,中国共产党,郑州大学法学院宪法学与行政法学专业,博士,"1989,1993,1997,2000,2001,2002,2006,2009,2011,2011,2012,2012,2014,2015,2017,2018"
李亚,男,汉族,1963,河南,1983,中国共产党,在职管理学,博士,"1979,1980,1981,1983,1985,1991,1993,1998,2001,2006,2006,2010,2013,2013,2013,2015,2016,2016,2017"
刘宛康,男,汉族,1962,河南,1990,中国共产党,工程,硕士,"1978,1982,1987,1992,1995,1996,2002,2004,2006,2009,2009,2013,2016,2017"
蒿慧杰,男,汉族,1968,河南,1995,中国共产党,武汉大学法学,学士,"2008,2009,2010,2013,2014,2016,2016,2017,2017,2018"
袁家健,男,汉族,1971,安徽,1994,中国共产党,哲学,学士,"2010,2016,2017,2017,2019,2020"
石迎军,男,汉族,1970,河南,1993,中国共产党,经济学,硕士,"1986,1990,1993,1997,2002,2003,2004,2007,2008,2012,2014,2017,2018"
刘继标,男,汉族,1963,河南,1984,中国共产党,,硕士,"1995,1998,2000,2001,2004,2008,2011,2013,2013,2017,2017"
郭浩,男,汉族,1974,江苏,1995,中国共产党,经济学,博士,"1992,1996,1999,2004,2005,2007,2007,2008,2008,2009,2009,2013,2016,2016,2017,2018"
黄强,男,汉族,1963,浙江,1985,中国共产党,工学,博士,"1979,1983,1987,1990,1992,1994,2000,2003,2005,2006,2008,2014,2017,2018"
张文深,男,汉族,1961,河南,1984,中国共产党,工学,硕士,"1979,1982,1984,1985,1986,1989,1994,1995,1997,2001,2002,2004,2008,2009,2011,2013,2013,2015,2016"
武国定,男,汉族,1963,河南,1984,中国共产党,经济学,硕士,"1983,1991,1992,1994,1997,1999,2001,2003,2005,2006,2006,2008,2008,2011,2013,2013,2015,2016,2018,2018"
周斌,男,汉族,1962,河南,1990,中国共产党,法学,硕士,"1979,1983,1984,1992,1994,1995,1999,2001,2002,2006,2014,2015,2016,2017,2017,2017,2017"
江凌,男,汉族,1964,广东,1986,党,管理学,硕士,"1981,1984,1984,1988,1990,1991,1992,1994,1996,2000,2001,2004,2007,2011,2012,2015,2016,2017,2017,2018,2019"
霍金花,女,汉族,1962,河南,,,管理学,硕士,"1981,1991,1992,1996,1996,1999,2001,2002,2009,2009,2013,2013,2017,2017,2018"
胡五岳,男,汉族,1963,河南,1984,中国共产党,经济学,学士,"1980,1984,1987,1991,1993,1996,1999,2001,2004,2006,2007,2009,2009,2011,2013,2016,2018,2019"
孙守刚,男,汉族,1965,山东,高级管理人员工商管理硕士。1984,中国共产党,高级管理人员工商管理,硕士,"1993,1997,1998,2001,2001,2002,2002,2006,2010,2010,2011,2017,2017,2020"
李公乐,男,汉族,1962,河南,河南濮阳人。1983,中国共产党,农学,学士,"1978,1982,1983,1985,1987,1992,1994,1996,2001,2004,2006,2008,2008,2011,2011,2013,2014,2015,2016,2018"
徐立全,男,汉族,1956,安徽,1976,中国共产党,经济学,硕士,"1978,1982,1983,1983,1985,1990,1994,1996,1998,1998,1999,1999,2001,2001,2003,2005,2005,2006,2013,2016,2016,2016,2016,2017,2018"
陈瑞峰,男,山东胶南人,汉族,19,1989,中国共产党,法学,硕士,"2009,2015,2016,2017,2017,2017,2018"
刘海军,男,汉族,1968,湖北,1994,中国共产党,,硕士,"1986,1990,1990,2000,2003,2004,2005,2009,2011,2011,2011,2013,2013,2016,2016,2017,2017,2018,2019"
何光中,男,湖南华容人,汉族,19,1984,中国共产党,管理学,硕士,"1980,1984,1985,1988,1989,1990,1995,1998,2002,2003,2005,2008,2008,2011,2016,2018"
刘雪荣,男,汉族,1963,湖北,华中科技大学电力系电机制造专业工学学士、华中师范大学政治经济学在职研究生、美国俄亥俄大学工商管理硕士。1982,中国共产党,华中科技大学电力系电机制造专业工学,学士,"1984,1985,1985,1987,1987,1989,1992,1997,1998,2000,2001,2003,2006,2007,2013,2018"
董卫民,男,汉族,1968,湖北,1990,中国共产党,哲学,硕士,"1986,1990,1993,1994,1998,2001,2002,2005,2007,2009,2010,2011,2013,2014,2015,2018,2019"
曹广晶,男,汉族,1964,山东,1991,中国共产党,管理学,博士,"1980,1985,1986,1988,1990,1993,1996,1997,2000,2002,2010,2014,2014"
张爱国,男,汉族,1962,湖北,1986,中国共产党,经济学,硕士,"1982,1986,1986,1988,1988,1994,1996,1998,1999,2002,2003,2006,2007,2010,2011,2011,2013,2017,2018,2019"
杨云彦,男,汉族,1963,湖北,,,理学,博士,"1979,1983,1986,1989,1992,1992,1995,1999,2000,2001,2003,2006,2007,2008,2010,2013,2017,2017,2018"
周森锋,男,汉族,1980,河南,2000,中国共产党,,硕士,"2004,2007,2008,2008,2009,2009,2011,2011,2011,2013,2013"
余珂,男,江西奉新人,汉族,19,1997,中国共产党,农学,学士,"1994,1998,2001,2003,2007,2007,2011,2011,2011,2016,2016,2017,2018,2019"
王立,男,山东寿光人,汉族,19,1986,中国共产党,,硕士,"1984,1988,1994,1997,1999,1999,2001,2006,2006,2009,2012,2015,2016,2016,2018,2018"
黄楚平,男,汉族,1962,湖北,1984,中国共产党,经济学,博士,"2004,2007,2007,2007,2008,2012,2012,2012,2016,2016,2016"
龚定荣,男,湖北沙洋人,汉族,19,1986,党,省委党校大学、法学,硕士,"1984,1984,1987,1990,1991,1992,1993,1996,1998,1999,2003,2004,2010,2011,2017,2017"
崔永辉,男,汉族,1970,湖北,1991,中国共产党,法学,学士,"1987,1991,1994,2000,2000,2002,2003,2006,2009,2011,2016,2016,2017"
郄英才,男,汉族,1975,山东,1995,中国共产党,1996年7月参加工作。中国政法大学法律专业,硕士,"1992,1996,2003,2011,2011,2012,2012,2013,2013,2013,2014,2017,2018"
万勇,男,汉族,1960,湖北,1985,中国共产党,哲学,硕士,"1978,1982,1985,1990,1994,1995,1996,1997,1999,2002,2003,2005,2007,2008,2008,2009,2010,2013,2013,2015,2015,2018"
尔肯江·吐拉洪,男,维吾尔族,1964,新疆,1985,中国共产党,高级管理人员工商管理,硕士,"1981,1985,1986,1988,1990,1992,1994,1999,2003,2004,2006,2008,2008,2008,2015,2015,2017,2017,2017"
张家胜,男,湖北江陵人,汉族,19,1994,中国共产党,工商管理,硕士,"1985,1989,1994,1997,2000,2000,2003,2005,2010,2011,2011,2012,2012,2015,2017,2017,2017"
孙兵,男,汉族,1966,湖北,,,在职,硕士,"1985,1987,1994,1998,2002,2002,2004,2007,2007,2008,2012,2013,2014,2016,2016,2016,2017,2018"
吴祖云,男,汉族,1967,湖北,1993,中国共产党,工商管理,硕士,"1984,1988,1992,1995,1995,1996,1999,1999,2002,2003,2003,2004,2006,2008,2010,2011,2011,2011,2016,2018"
邱丽新,女,满族,1968,河北,1998,中国共产党,大学学历、法学,硕士,"1986,1990,1998,1999,2001,2003,2005,2007,2015,2016,2016,2017,2018"
陈新武,男,湖北黄冈人,汉族,19,1988,中国共产党,工商管理,硕士,"1986,1990,1997,2002,2003,2005,2008,2009,2009,2012,2015,2016,2017"
杨兴铭,男,汉族,1975,保康,1997,中国共产党,农业推广,硕士,"1992,1998,2000,2000,2002,2003,2006,2007,2008,2009,2011,2011,2013,2013,2016,2016,2020,2020"
应勇,男,汉族,1957,浙江,1979,中国共产党,法学,硕士,"1976,1977,1982,1983,1983,1984,1986,1992,1992,1992,1993,1995,1999,2003,2003,2005,2006,2006,2007,2008,2013,2014,2014,2016,2017,2020,2020"
王忠林,男,汉族,1962,山东,1984,中国共产党,管理学,博士,"1980,1984,1989,1994,1995,1996,1999,2000,2001,2002,2003,2006,2006,2007,2011,2011,2013,2015,2015,2016,2017,2018,2020"
吴锦,男,湖北红安人,汉族,19,1990,党,经济学,博士,"1987,1991,1993,1996,1997,1998,2000,2001,2003,2004,2006,2008,2009,2013,2013,2016,2017,2017,2019"
李乐成,男,汉族,1965,湖北,1991,中国共产党,大学工学,学士,"1984,1996,1998,1999,2000,2002,2003,2007,2008,2008,2013,2017,2017"
周霁,男,汉族,1964,湖北,,,,硕士,"1981,1984,1992,1994,1997,2002,2002,2002,2004,2004,2006,2010,2010,2012,2012,2016"
王贺胜,男,河北清苑人,1961,19,1984,党,法学,博士,"1984,1997,2002,2002,2005,2008,2010,2014,2014,2015,2016,2016,2018,2020"
曾欣,男,汉族,1966,湖南,1987,中国共产党,法学,学士,"1983,1987,1988,1992,1993,1996,1998,1998,2002,2008,2011,2012,2012,2014"
孟祥伟,男,汉族,1966,河北,1990,党,管理学,博士,"1985,1989,1992,1993,1994,1996,1999,1999,2001,2002,2005,2008,2008,2009,2010,2013,2013,2015,2019"
阳卫国,男,汉族,1967,湖南,1993,中国共产党,历史学,硕士,"1986,1990,1993,1995,1998,2002,2002,2003,2006,2007,2010,2011,2014,2016,2016,2016"
王少峰,男,汉族,1963,山西,1984,党,法学,博士,"1981,1985,1989,1990,1993,1994,1994,1995,1997,2000,2005,2009,2014,2016"
张值恒,男,汉族,1970,湖南,1991,中国共产党,,硕士,"1991,1996,1997,1999,2000,2002,2007,2008,2009,2012,2013,2015,2016,2017"
严华,男,湖南澧县人,1968,法学,,,法学,博士,"1987,1991,1993,1994,1997,1999,1999,2000,2002,2006,2008,2011,2013,2015,2016,2019"
朱忠明,男,汉族,1972,浙江,1996,中国共产党,公共管理,硕士,"1989,1993,1998,2005,2012,2015,2017,2020,2020"
龙晓华,女,苗族,1963,湖南,1985,党,研究生管理学,硕士,"1978,1981,1984,1989,1990,1992,1993,1993,1994,2000,2002,2008,2010,2016,2017"
吴桂英,女,汉族,1966,河北,1987,中国共产党,哲学,博士,"1984,1988,1990,1991,1993,1994,1994,1998,2000,2001,2003,2008,2008,2012,2012,2012,2015,2015,2018"
杜家毫,男,汉族,1955,浙江,1973,中国共产党,工商管理,硕士,"1973,1975,1978,1981,1984,1985,1990,1992,1993,1998,1999,2003,2003,2003,2004,2007,2011,2011,2012,2013,2013,2013,2016,2016,2017"
彭国甫,男,汉族,1963,湖南,1984,中国共产党,管理学,博士,"1980,1984,1985,1992,1996,1998,2002,2008,2011,2014,2015,2018"
张剑飞,男,汉族,1962,湖南,1994,党,工学,博士,"1979,1983,1987,1991,1992,1995,1995,1998,2001,2003,2007,2008,2013,2013,2017,2017,2018,2019"
黄兰香,女,汉族,1962,湖南,1983,党,公共管理,硕士,"1979,1983,1991,1995,1997,1997,1999,2000,2001,2003,2006,2007,2011,2013,2013,2015,2015"
张迎春,女,汉族,1970,湖南,1994,中国共产党,经济学,硕士,"1985,1988,1991,1994,1994,1995,1997,1998,1998,2001,2002,2006,2007,2008,2012,2012,2013,2017,2017,2019,2019"
毛腾飞,男,汉族,1962,湖南,1991,中国共产党,管理学,博士,"1979,1983,1985,1987,1991,1992,1993,1996,1998,2000,2003,2004,2005,2007,2010,2013,2013,2013,2016"
傅奎,男,汉族,1962,湖北,1983,党,哲学,学士,"1979,1983,1986,1988,1989,1993,1994,1999,2005,2007,2008,2010,2014,2014,2015,2018"
周德睿,男,生于1966年2月,汉族,籍贯,1991,中国共产党,硕士研究生法学,硕士,"1983,1987,1989,1992,1992,1993,1995,1995,1998,2000,2005,2006,2006,2009,2010,2013,2013,2013,2017,2017"
刘革安,男,汉族,1966,湖南,1992,党,法律,硕士,"1985,1989,1997,2003,2008,2012,2015,2017,2018"
郑建新,男,贵州省黄平人,汉族,19,1991,党,,博士,"1986,1999,1990,1991,1995,1995,1996,1997,1998,2000,2005,2007,2013,2013,2017,2017,2018,2018,2020,2020"
刘非,男,汉族,1969,19,1990,中国共产党,工学,硕士,"2010,2013,2016,2017,2017,2019"
姚来英,男,汉族,1966,河北,1987,中国共产党,经济学,硕士,"1989,2006,2013,2018,2019"
何报翔,男,汉族,1963,湖南,,,管理学,博士,"1978,1982,1984,1986,1987,1989,1993,1996,1997,2002,2008,2011,2012,2017,2017,2018"
邓群策,男,汉族,1964,湖南,1986,中国共产党,法学,硕士,"1981,1984,1988,1989,1991,1993,1997,2000,2001,2007,2008,2011,2013,2013,2014,2014,2017,2018,2018,2018,2020,2020,2020"
胡衡华,男,汉族,1963,湖南,1985,党,工商管理,硕士,"1979,1983,1990,1996,1996,1997,1998,1999,2005,2008,2009,2011,2013,2014,2015,2016,2016,2017"
龚文密,男,汉族,1961,湖北,1986,党,经济学,硕士,"1980,1984,1987,1990,1992,1993,1995,1998,1999,2000,2001,2003,2006,2006,2008,2010,2012,2013,2016"
曹立军,男,汉族,1972,湖南,1992,中国共产党,管理学,硕士,"1987,1990,1994,1996,1998,2000,2000,2001,2004,2008,2008,2008,2011,2011,2012,2013,2014,2015,2017,2017,2017"
易鹏飞,男,汉族,1962,湖南,1987,中国共产党,经济学,学士,"1979,1983,1988,1990,1992,1992,1996,1998,2000,2004,2008,2009,2011,2012,2015,2017,2018"
许显辉,男,汉族,1966,河南,1986,中国共产党,法学,学士,"1983,1987,1992,1994,1996,2000,2000,2001,2004,2004,2005,2008,2008,2013,2013,2015,2016,2016,2017,2018"
熊安台,男,汉族,1964,湖南,1992,中国共产党,工学,学士,"1980,1984,1990,1992,1995,1996,2001,2002,2006,2009,2011,2012,2013,2019,2019,2020,2020"
陈飞,男,汉族,1963,江苏,1985,中国共产党,经济学,硕士,"1982,1986,1992,1994,1997,1997,1998,2000,2001,2001,2002,2003,2006,2008,2010,2014,2017,2018"
李殿勋,男,汉族,1967,河南,1994,中国共产党,法学,学士,"1985,1989,1991,1997,1998,2000,2003,2009,2013,2014,2015,2016,2018,2018,2019"
虢正贵,男,汉族,1964,湖南,1984,中国共产党,工商管理,硕士,"1981,1984,1985,1991,1993,1994,1996,1998,2000,2000,2001,2004,2008,2009,2011,2013,2014,2015,2016,2016,2016"
李微微,女,汉族,1958,湖南,1976,党,经济学,博士,"1975,1978,1981,1983,1985,1990,1995,1997,2000,2003,2006,2015,2016,2016"
朱健,男,汉族,1975,江苏,1994,中国共产党,管理学,博士,"1993,1998,2001,1997,1999,2002,2009,2013,2017,2019,2020,2020,2020"
朱洪武,男,黎族,1971,海南,1993,中国共产党,法学,学士,"1990,1994,2000,2003,2003,2007,2009,2009,2013,2013,2015,2015,2016,2016,2019,2020"
李爱武,女,汉族,1968,湖南,,,经济学,硕士,"2000,2002,2005,2006,2010,2016,2016,2017,2018,2018,2018"
许达哲,男,汉族,1956,湖南,1982,党,工学,硕士,"1975,1978,1982,1984,1988,1990,1992,1993,1994,1995,1997,1999,2000,2001,2007,2013,2013,2016,2016,2016"
陈文浩,男,汉族,1961,广东,1986,中国共产党,管理学,硕士,"1979,1982,1984,1987,1988,1989,1990,1992,1994,1995,1997,2001,2001,2002,2006,2008,2009,2010,2013,2016,2017,2018,2018"
王一鸥,男,汉族,1967,辽宁,1988,中国共产党,工商管理,硕士,"1990,2006,2012,2014,2016,2016,2018,2018,2019"
隋忠诚,男,汉族,1967,吉林,1988,中国共产党,经济学,博士,"1984,1988,1992,1994,1999,2000,2001,2003,2004,2007,2009,2011,2013,2017"
张硕辅,男,汉族,1965,湖南,1984,党,工学,博士,"1981,1985,1988,1993,1995,1997,1998,2000,2003,2005,2006,2008,2011,2013,2013,2015,2017,2018"
郑人豪,男,广东汕头人,1968,汉族,1988,中国共产党,法学,博士,"1986,1990,1991,1993,1995,1999,2002,2003,2008,2008,2011,2011,2012,2016,2016,2016,2017"
马文田,男,河南永城人,1965,汉族,1991,中国共产党,工学博士、经济学,博士,"1982,1984,1988,1991,1994,1999,2000,2001,2001,2003,2004,2005,2005,2006,2009,2009,2011,2011,2011,2012,2012,2013,2017,2017,2019"
王胜,男,汉族,山东阳谷,19,1989,中国共产党,,硕士,"1985,1989,1993,1995,1997,2001,2001,2002,2004,2006,2007,2007,2009,2009,2012,2012,2015,2016,2016"
温国辉,男,广东揭西人,1963,汉族,1984,中国共产党,,硕士,"1980,1984,1987,1990,1996,2000,2001,2007,2009,2012,2013,2014,2015,2016,2016"
朱伟,男,湖南石门人,汉族,19,2002,中国共产党,经济学,硕士,"1987,1991,1994,1996,1998,2000,2003,2004,2011,2011,2011,2013,2016,2016"
李雅林,男,山东安丘人,汉族,19,1986,中国共产党,教育学,博士,"1981,1985,1988,1990,1994,1997,2000,2001,2008,2010,2013,2016,2017,2019"
郑雁雄,男,广东汕头市潮南区人,1963,汉族,1986,中国共产党,,硕士,"1979,1984,1992,1993,1998,1998,2002,2005,2007,2008,2008,2009,2011,2013,2018,2018,2019"
张福海,男,汉族,1964,19,1984,中国共产党,文学,学士,"1986,1991,2002,2005,2013,2015,2017,2018,2018,2020"
覃伟中,男,汉族,1971,广西,2001,中国共产党,工学,博士,"1988,1993,1996,1998,2000,2002,2004,2007,2008,2010,2010,2019"
袁古洁,女,汉族,1968,贵州,1992,中国共产党,法学,博士,"1984,1988,1990,1993,1994,1997,2000,2004,2006,2011,2015,2016,2018,2018,2019,2019,2019"
赖泽华,男,汉族,1965,广东,1990,中国共产党,管理学,硕士,"1984,1988,1991,1994,1996,1996,1998,1999,2001,2002,2003,2004,2004,2005,2007,2012,2013,2015,2015,2015,2016,2016,2016,2016,2019,2020"
危伟汉,男,汉族,1965,广东,1987,中国共产党,,硕士,"1983,1984,1985,1992,1993,1994,1995,1996,1998,2006,2006,2010,2012,2014,2015,2016,2018"
蔡朝林,1970年7月生,浙江台州人,1991,20,2001,党,学历在职研究生（华南理工大学技术经济及管理专业）、管理学,博士,"2017,2020"
林克庆,男,汉族,1966,湖北,1990,中国共产党,哲学,博士,"1984,1988,1992,1993,1994,1996,1998,2001,2003,2005,2006,2008,2010,2013,2016,2018,2019,2019"
林涛,男,汉族,1971,籍贯,1996,党,文学,学士,"1989,1993,1996,2000,2001,2002,2003,2004,2004,2006,2006,2008,2009,2011,2013,2015,2016,2019,2019,2019"
肖亚非,男,汉族,1966,江西,1992,中国共产党,经济学,硕士,"1984,1988,1990,1993,1993,2001,2001,2005,2008,2011,2014,2015,2015,2016,2016,2018,2018"
张虎,男,汉族,1967,山东,1988,中国共产党,理学硕士、公共管理,硕士,"1984,1988,1991,1996,1997,1999,2005,2008,2009,2011,2012,2015,2015,2017,2018,2019,2019"
王荣,男,汉族,1958,江苏,1976,党,农学,博士,"1975,1978,1982,1985,1988,1988,1989,1990,1992,1997,1999,2000,2001,2002,2003,2004,2009,2010,2015,2015"
张义珍,女,汉族,1964,河北,河北安国人。1984年7月参加工作。1983,中国共产党,获农学,博士,"2015,2015,2019"
叶贞琴,男,汉族,1963,江西,1984,中国共产党,公共管理,硕士,"1980,1984,1987,1989,1992,1994,1995,1997,1998,2000,2003,2004,2007,2008,2013,2015,2017,2017,2018,2018"
逯峰,男,汉族,1972,河南,2000,中国共产党,理学,博士,"1989,1993,1996,2002,2003,2005,2008,2008,2010,2011,2014,2014,2016,2017,2017,2018,2018,2020,2020"
刘毅,男,广东佛山人,汉族,19,1984,中国共产党,农业推广硕士、高级管理人员工商管理,硕士,"1980,1984,1987,1989,1990,1992,1996,2001,2002,2004,2006,2007,2011,2012,2014,2017"
李红军,男,汉族,1965,湖北,1986,中国共产党,法学,博士,"1983,1987,1990,1993,1997,1998,1999,2000,2003,2007,2011,2012,2012,2013,2013,2017,2017,2018,2019"
姚奕生,男,汉族,1965,广东,1986,中国共产党,农学,学士,"1983,1987,1992,1994,1995,1996,1998,2000,2002,2002,2003,2006,2006,2011,2016,2017,2017,2017"
张新,男,汉族,1967,湖南,1997,中国共产党,经济学,博士,"1985,1989,1992,1996,1997,2001,2001,2002,2004,2005,2009,2017,2020"
焦兰生,男,籍贯河南长垣,1962,出生,1985,中国共产党,高级管理人员工商管理,硕士,"1978,1982,1988,1993,2001,2004,2006,2008,2008,2008,2011,2012,2013,2014,2016,2018"
施克辉,男,汉族,1961,浙江,1985,中国共产党,高级管理人员工商管理,硕士,"1978,1981,1987,1992,1995,1998,2000,2001,2006,2009,2009,2012,2013,2014,2014,2016,2017,2018"
许瑞生,男,汉族,1962,广东,,,理学,博士,"1979,1983,1986,1998,1999,2003,2006,2011"
范中杰,男,汉族,1966,四川,1994,中国共产党,法学,博士,"1983,1987,1990,1994,1997,1998,2001,2005,2008,2009,2011,2011,2014,2016,2016,2017,2017,2017,2018,2019"
李贻伟,男,汉族,1965,山东,1988,中国共产党,工学,硕士,"1981,1985,1988,1993,1996,1998,2000,2003,2003,2006,2006,2010,2011,2014,2014,2018"
许志晖,男,汉族,1968,广东,1998,中国共产党,理学,博士,"1986,1990,1992,1993,1995,2000,2001,2003,2007,2007,2009,2009,2013,2016,2017,2017,2017,2018,2019"
梁维东,男,汉族,1962,广东,1984,中国共产党,工商管理,硕士,"1979,1981,1983,1992,1994,2001,2001,2003,2004,2004,2006,2007,2007,2008,2009,2011,2014,2016,2016,2016,2018"
王瑞军,男,汉族,1970,中共,,,工学,博士,"2017,2020"
陈敏,男,汉族,1965,江苏,1985,中国共产党,理学,博士,"1988,1991,1991,1992,1993,1997,1998,2000,2001,2005,2007,2008,2010,2011,2011,2012,2015,2016,2017,2018,2018,2018,2018"
张爱军,男,汉族,1970,河南,1989,中国共产党,"硕士研究生学历,法学",硕士,"1990,1993,1993,1997,1997,2002,2004,2007,2008,2014,2015,2017,2018,2018"
林应武,男,汉族,1963,广东,1985,中国共产党,学历省委党校研究生（高级管理人员工商管理,硕士,"1979,1981,1986,1989,1995,2000,2005,2009,2012,2013,2016"
李希,男,汉族,1956,甘肃,1982,中国共产党,高级管理人员工商管理,硕士,"1975,1976,1978,1982,1985,1986,1987,1990,1995,1996,1999,2001,2002,2004,2004,2006,2011,2013,2014,2015,2017,2017"
陈如桂,男,汉族,1962,广东,1992,党,工学,博士,"1979,1983,1986,1989,1991,1992,1992,1998,1999,1999,2000,2001,2003,2007,2010,2011,2015,2016,2017,2017,2017"
马正勇,男,汉族,1973,宁夏,1994,中国共产党,在职研究生学历、法学,博士,"1991,1995,1996,1998,1999,2000,2003,2005,2006,2011,2012,2013,2015,2017,2020,2020"
马兴瑞,男,汉族,1959,山东,1988,党,工学,博士,"1978,1982,1985,1988,1993,1995,1996,1996,1999,2007,2013,2013,2015,2015,2016,2017"
鲁毅,男,汉族,1964,湖北,1986,中国共产党,管理学,博士,"1982,1991,1995,1997,2003,2005,2006,2010,2014,2014,2015,2016,2016"
温湛滨,男,汉族,1971,广东,1991,党,经济学,博士,"1989,1993,1998,1999,1999,2001,2002,2003,2003,2004,2006,2008,2011,2012,2012,2016,2016,2016"
张晓强,男,汉族,1975,浙江,1996,中国共产党,公共管理,硕士,"1992,1996,1998,1999,2000,2001,2003,2006,2007,2009,2009,2010,2011,2015,2016,2017,2018,2019,2019,2020,2020"
丁红都,男,河南偃师人。1985年7月参加工作,1965,19,1984,党,学历大学（天津大学高分子化工专业）、工商管理,硕士,"2011,2011,2017"
张科,男,汉族,1968,重庆,1987,中国共产党,学历在职研究生（新加坡南洋理工大学公共管理专业）、公共管理,硕士,"1985,1989,1990,1992,1993,1998,2000,2001,2012,2012,2014,2016,2017,2017,2017,2017,2019,2019,2019"
姜建军,男,汉族,1964,河南,1988,中国共产党,1988年2月加入中国共产党。学历在职研究生（北京交通大学企业管理专业）、管理学,硕士,"1979,1983,1984,1988,1989,1990,1995,1997,2002,2004,2010,2011,2013,2015,2015,2017,2017"
吕玉印,男,汉族,1970,河南,1993,中国共产党,经济学,博士,"1989,1993,1995,1998,2001,2005,2009,2012,2012,2014,2015,2015,2016,2016,2018,2019"
王伟中,男,汉族,1962,山西,1983,党,管理学,博士,"1979,1984,1987,1988,1991,1992,1994,1998,1999,2001,2006,2010,2014,2015,2016,2017,2018"
郭永航,男,汉族,1965,山东,1986,党,学历在职研究生（武汉大学行政管理专业）、管理学,博士,"1985,1989,1992,1994,2002,2006,2009,2010,2011,2015,2015,2018"
殷昭举,男,汉族,安徽砀山,19,1996,中国共产党,学历在职研究生、法学,博士,"1989,1993,1994,1995,1998,2001,2004,2005,2005,2006,2006,2008,2008,2011,2012,2013,2014,2016,2017"
黄宁生,男,汉族,1962,河南,1992,中国共产党,,博士,"1980,1984,1996,1999,2001,2005,2007,2009,2012,2013,2014,2017,2019,2019"
秦如培,男,汉族,1962,贵州,1985,中国共产党,项目管理,硕士,"1979,1983,1985,1989,1990,1994,1996,1998,2000,2002,2003,2004,2006,2008,2012,2012,2013,2015,2018"
白松涛,男,满族,1972,籍贯,1995,中国共产党,经济学,博士,"1991,1995,1998,2000,2001,2003,2008,2008,2009,2010,2011,2011,2012,2017,2020,2020"
赵乐秦,男,汉族,1960,陕西,1984,中国共产党,工学,学士,"1978,1982,1984,1987,1989,1992,1995,1997,1998,1999,2001,2005,2008,2008,2010,2010,2013,2018"
何辛幸,男,汉族,1962,山东,1985,中国共产党,工学,学士,"1979,1983,1989,1990,1993,1994,1998,2000,2004,2004,2005,2006,2008,2009,2010,2011,2011,2015,2016"
黄海昆,男,汉族,1965,广西,1986,中国共产党,新加坡南洋理工大学公共管理,硕士,"2016,2016,2018"
蓝天立,男,壮族,1962,广西,1985,中国共产党,管理学,博士,"1980,1983,1987,1992,1996,1998,2002,2003,2006,2007,2007,2008,2008,2011,2012,2015,2016,2018"
王小东,男,汉族,1962,山西,1980,中国共产党,工程,硕士,"1976,1983,1985,1996,2000,2004,2007,2009,2010,2013,2015,2015"
何录春,男,汉族,1971,湖南,1994,中国共产党,农学,学士,"1991,1995,1995,1996,1998,1999,2001,2001,2002,2005,2006,2006,2010,2010,2011,2013,2014,2015,2015,2016,2017,2017,2018,2019,2019,2020"
曾万明,男,汉族,1964,四川,1987,中国共产党,,博士,"1981,1983,1985,1987,1990,1993,1993,1996,2001,2001,2002,2002,2005,2007,2008,2009,2011,2013,2014,2015,2016,2017,2018,2018"
陈武,男,壮族,1954,广西,1975,中国共产党,哲学,学士,"1972,1975,1978,1982,1986,1992,1993,1994,1995,1998,2000,2001,2003,2005,2006,2008,2009,2011,2011,2011,2013,2013"
班忠柏,男,壮族,1964,广西,1984,中国共产党,法学,学士,"1979,1981,1983,1987,1989,1992,1995,1995,1997,2001,2002,2004,2008,2013,2015,2016,2017,2017"
房灵敏,男,汉族,1964,山东,,,,博士,"1983,1996,2000,2003,2005,2009,2015,2015,2017,2017,2017,2017,2018"
徐绍川,男,满族,1963,籍贯,1984,中国共产党,,硕士,"1979,1982,1983,1985,1990,1992,1995,1997,2000,2003,2007,2008,2008,2010,2013,2018,2018"
许永锞,男,汉族,1967,广东,1996,中国共产党,北京大学公共管理,硕士,"1987,1991,1996,1998,2000,2002,2002,2004,2004,2009,2009,2011,2011,2016,2017,2018,2019"
谭丕创,男,汉族,1968,广西,1988,中国共产党,管理学,博士,"1987,1991,2000,2000,2003,2004,2006,2009,2011,2011,2016,2017,2018"
全桂寿,男,汉族,1964,广西,1984,中国共产党,法学,学士,"1980,1984,1997,2000,2006,2009,2011,2014,2015,2018"
费志荣,男,汉族,1962,江苏,1983,中国共产党,工学,博士,"1979,1983,1992,1997,2000,2008,2014,2018,2018"
周成方,男,汉族,1962,浙江,1984,中国共产党,法学,学士,"1980,1984,1987,2008,2010,2018,2019"
李彬,男,汉族,1962,江苏,,,工学,博士,"1979,1983,1997,2000,2001,2004,2007,2008,2018"
周异决,男,壮族,1965,广西,1987,中国共产党,经济学,博士,"1984,1988,1991,1993,1995,1996,1998,1999,2000,2002,2005,2006,2007,2009,2009,2013"
鹿心社,男,汉族,1956,山东,1985,中国共产党,工学,学士,"1978,1982,1986,1990,1992,1996,1998,1999,2009,2010,2011,2012,2016,2018,2019"
农生文,男,壮族,1965,广西,1995,中国共产党,理学,硕士,"1983,1987,1990,1991,1993,1994,1996,2000,2005,2005,2006,2006,2008,2015,2016"
周红波,男,汉族,1970,广西,1997,中国共产党,农业推广,硕士,"1988,1992,1995,1997,2002,2003,2005,2006,2007,2009,2011,2013,2020"
刘有明,男,汉族,1963,广西,1989,中国共产党,经济学,博士,"1981,1985,1987,1997,2000,2001,2002,2002,2006,2006,2006,2008,2008,2011,2014,2016"
钟畅姿,女,水族,1971,广西,1997,中国共产党,文学,硕士,"1988,1992,1995,1996,1997,2000,2000,2002,2006,2009,2016,2016,2020,2020,2020,2020"
王乃学,男,汉族,1962,山东,1986,中国共产党,法学,博士,"1980,1984,1989,1992,1994,1998,1999,2001,2003,2006,2009,2011,2013,2015,2016"
范晓莉,女,回族,1961,吉林,1983,中国共产党,法学,博士,"1979,1983,1989,1995,1997,1998,2001,2003,2004,2006,2008,2011,2013,2016,2016"
何良军,男,大学本科、在职研究生学历,1971,工业,2001,中国共产党,工业工程,硕士,"1990,1994,1998,2001,2004,2007,2009,2011,2013,2014,2016,2016,2018,2018"
蔡锦军,男,汉族,1968,江西,1996,中国共产党,高级管理人员工商管理,硕士,"1983,1986,1987,1990,1993,1996,1996,1998,2001,2003,2004,2005,2006,2008,2011,2013,2015,2018,2018"
孙大伟,男,汉族,1963,籍贯,1984,中国共产党,在职,硕士,"2005,2010,2017"
李新元,男,汉族,1962,江苏,1989,中国共产党,经济学,学士,"1980,1983,1984,1986,1989,1991,1993,1994,1994,1995,1997,1999,2001,2002,2003,2003,2004,2006,2007,2009,2011,2011,2013,2013,2013,2015,2015,2016,2020"
黄俊华,男,壮族,1963,广西,1992,中国共产党,工学,博士,"1979,1983,1994,1998,2000,2008,2009,2013,2014,2018"
雷应敏,男,汉族,1964,广西,1986,中国共产党,哲学,硕士,"1982,1986,1988,1991,1992,1995,1996,1999,1999,2000,2006,2008,2013,2013,2016,2016"
彭晓春,男,汉族,1961,广西,1985,中国共产党,法学,硕士,"1983,1984,1987,1989,1990,1992,1994,1996,1997,2000,2004,2008,2010,2013,2018"
沈丹阳,男,汉族,1965,福建,1985,中国共产党,经济学,博士,"1981,1985,1989,1992,1996,2000,2001,2001,2003,2008,2010,2014,2018"
彭金辉,男,彝族,1964,云南,1989,中国共产党,工学,博士,"1981,1985,1988,1992,1997,2000,2003,2004,2013,2016,2018,2018,2018"
苻彩香,女,黎族,1963,海南,1994,中国共产党,文学,学士,"1979,1983,1984,1989,1992,1997,2000,2001,2006,2006,2016,2018"
邹广,男,汉族,1973,四川,1994,中国共产党,,博士,"1991,1995,1999,2002,2003,2005,2007,2008,2012,2016,2019,2020"
肖杰,男,汉族,1960,广东,1984,中国共产党,法学,硕士,"1978,1982,1987,1989,1995,1996,1998,2000,2002,2003,2003,2007,2009,2012,2017,2017,2018"
何忠友,男,汉族,1965,安徽,1993,党,理学,硕士,"1984,1988,1989,2001,2003,2005,2007,2008,2009,2011,2012,2016,2017,2017,2019"
王路,男,汉族,1963,浙江,,,理学,博士,"1978,1983,1986,1989,1991,1994,1998,2000,2001,2003,2007,2007,2008,2013,2013,2018"
孙大海,男,湖北襄阳人,1963,19,1986,中国共产党,理学,博士,"1979,1983,1986,1987,1990,1994,1994,1997,2000,2001,2004,2007,2007,2010,2012,2013,2016,2017,2018,2018,2020"
毛超峰,男,汉族,1965,河南,1986,中国共产党,高级管理人员工商管理,硕士,"1982,1985,1986,1987,1991,1992,1993,1996,1999,2001,2001,2006,2011,2011,2012,2012,2013,2014,2015,2015,2017"
包洪文,男,福建上杭人,1968,汉族,1997,中国共产党,公共行政与管理硕士、公共管理,硕士,"1985,1989,1990,1997,2000,2004,2007,2012,2013,2013,2018,2019,2020"
丁晖,男,汉族,1971,江苏,1997,中国共产党,管理学,博士,"1989,1992,1997,1997,2000,2000,2004,2004,2005,2007,2008,2011,2012,2015,2018"
李军,男,汉族,1962,湖南,1985,中国共产党,经济学,博士,"1978,1982,1985,1987,1990,1990,1991,1993,1994,1995,1997,1999,2001,2003,2004,2007,2007,2013,2013,2014,2015"
冯忠华,男,汉族,1970,辽宁,1992,中国共产党,工程,硕士,"1989,1993,1995,1998,2001,2006,2008,2011,2015,2016,2018,2019"
蓝佛安,男,汉族,1962,广东,1985,中国共产党,管理学,硕士,"1981,1985,1988,1993,1995,1999,2001,2007,2008,2015,2016,2017,2018"
毛万春,1961年10月生,汉族,男,河南,1983,中国共产党,经济学,学士,"2010,2013,2016,2016,2016,2018"
沈晓明,男,汉族,1963,浙江,1984,中国共产党,医学,博士,"1979,1984,1987,1987,1988,1991,1994,1996,1998,2003,2005,2006,2006,2008,2013,2013,2015,2016,2017,2017,2017"
童道驰,男,汉族,1967,湖南,2004,中国共产党,政策分析,博士,"1984,1988,1991,1992,1994,1999,2000,2000,2001,2006,2007,2008,2014,2016,2016,2018"
袁光平,男,重庆市人,1966,汉族,1986,中国共产党,经济学,博士,"1983,1987,1990,1991,1995,1999,1999,2002,2003,2005,2007,2012,2015,2016,2017"
张军,男,汉族,1965,广东,1988,中国共产党,公共管理,硕士,2018
刘平治,男,汉族,1964,湖南,1986,中国共产党,经济学,博士,"1982,1986,1988,1988,1990,1993,1995,1996,1998,1999,2001,2006,2007,2012,2012,2017,2018"
肖莺子,女,壮族,1963,广西,1987,中国共产党,经济学,学士,"1980,1984,1986,1989,1992,1994,1995,1998,1999,2000,2003,2004,2004,2006,2010,2010,2013,2013,2017,2017"
周旭,男,重庆巴南人,汉族,19,1984,中国共产党,在职研究生、管理学,博士,"1979,1983,1992,1993,1993,1994,1997,2002,2003,2006,2010,2016,2018"
杨树海,男,重庆市綦江人,汉族,19,1985,中国共产党,中央党校研究生、高级管理人员工商管理,硕士,"1979,1982,1990,1992,1993,1994,1996,1997,1998,1999,2000,2006,2013,2013,2016"
黄宗华,男,重庆璧山人,汉族,19,1989,中国共产党,市委党校研究生、农业推广,硕士,"1980,1984,1985,1990,1993,1995,1997,1997,1998,1999,2001,2003,2007,2012,2013,2016,2016,2018"
江涛,男,重庆市北碚区人,汉族,19,1985,中国共产党,史学,学士,"1979,1983,1990,1991,1991,1994,1997,1998,2001,2002,2008,2008,2011,2016,2018"
谭庆,男,重庆梁平人,汉族,19,1995,中国共产党,工商管理,硕士,"1987,1991,1996,1997,1999,2001,2001,2003,2004,2006,2007,2012,2015,2016,2016,2016,2019"
覃昌德,男,重庆巫山人,汉族,19,1998,中国共产党,工商管理,硕士,"1995,1999,2000,2001,2004,2005,2006,2008,2009,2011,2012,2013"
王赋,男,汉族,1962,山西,1985,中国共产党,经济学硕士、公共管理,硕士,"1980,1984,1986,1988,1991,1993,1995,1999,2000,2001,2004,2009,2010,2012,2012,2016,2017,2017,2017,2018"
阚吉林,男,汉族,1969,四川,1994,中国共产党,重庆大学工程,硕士,"1990,1994,1997,2000,2003,2006,2011,2015"
周少政,男,重庆开县人,汉族,19,1985,中国共产党,工商管理,硕士,"1980,1982,1985,1987,1996,1997,1998,1999,2002,2003,2008,2009,2011,2011,2014,2016,2018"
姜天波,男,河南南阳人,汉族,19,1992,中国共产党,研究生、法学,硕士,"2016,2017"
周勇,男,汉族,1964,重庆,1985,中国共产党,管理经济学,硕士,"1979,1981,1983,1986,1988,1990,1992,1993,1997,1998,2000,2005,2008,2008,2009,2009,2016,2018"
余长明,男,汉族,1965,四川,1985,中国共产党,农学,博士,"1981,1984,1986,1987,1989,1991,1995,1996,1997,1998,2000,2001,2001,2003,2004,2007,2007,2012,2015"
张果,男,四川万源人,汉族,19,1993,中国共产党,法学,博士,"1990,1994,2000,2001,2003,2005,2005,2005,2007,2012,2012,2015,2017,2018,2019"
何友生,男,汉族,1966,重庆,1986,中国共产党,高级管理人员工商管理,硕士,"1984,1988,1989,1993,1994,1997,1997,1997,1998,2001,1999,2002,2006,2010,2014,2017,2018"
吴存荣,男,汉族,1963,安徽,1984,中国共产党,工商管理,硕士,"1981,1985,1991,1993,1995,1997,1997,1999,2001,2005,2006,2011,2011,2016,2017,2018,2018"
徐江,男,重庆合川人,汉族,19,1993,中国共产党,管理学,博士,"1983,1987,1992,1996,1997,1998,1999,2002,2003,2004,2010,2011,2015,2015"
刘强,男,汉族,1961,重庆,1984,中国共产党,高级管理人员工商管理,硕士,"1983,1984,1984,1986,1989,1992,1993,1995,1995,1997,1997,2000,2001,2002,2006,2008,2013,2013,2015,2017,2017,2018"
李维超,男,四川自贡人,汉族,19,1984,中国共产党,历史学,学士,"1981,1985,1990,1994,1997,1998,2003,2003,2005,2006,2012,2013,2017,2017,2017"
聂红焰,女,重庆合川人,1968,中共,,,工学,学士,2020
张鸣,男,汉族,1962,湖南,1984,中国共产党,历史学,学士,"1978,1982,1985,1991,1992,1994,1999,2000,2001,2003,2004,2006,2012,2013,2015,2015,2015,2016,2017"
黄祖英,女,重庆江津人,1973,研究,1994,中国共产党,管理学,博士,"1992,1996,1997,1998,1999,2001,2003,2003,2005,2007,2009,2012,2016,2016,2019,2020,2020"
丁中平,女,重庆垫江人,汉族,19,1986,中国共产党,市委党校研究生、高级管理人员工商管理,硕士,2018
张国智,女,四川蓬溪人,汉族,19,1994,中国共产党,理学,硕士,"2019,2020"
唐良智,男,汉族,1960,湖北,1982,中国共产党,经济学,博士,"1979,1983,1985,1987,1998,2001,2003,2005,2007,2008,2008,2011,2011,2014,2015,2016,2016,2017,2017,2018"
姜国杰,男,汉族,1976,山东,1999,中国共产党员,研究生经济学,博士,"1993,1997,2000,2003,2004,2008,2008,2009,2011,2014,2015,2017,2018,2019,2020"
蒋牧宸,男,重庆潼南人,汉族,19,1993,中国共产党,管理学,博士,"1993,1997,1998,2000,2005,2006,2009,2011,2011,2013,2013,2015,2015,2016,2016,2018,2019,2019"
毛平,男,四川简阳人,汉族,19,1988,中国共产党,文学,学士,"1985,1989,1991,1992,1993,1996,1997,1997,1997,2001,2004,2007,2008,2012,2012,2018,2019,2019"
江夏,男,重庆市北碚人,汉族,19,1996,中国共产党,高级管理人员工商管理,硕士,"1986,1990,1994,1995,1995,1997,1998,2001,2003,2005,2007,2010,2011,2016,2020"
卢红,女,四川省井研县人,汉族,19,1993,中国共产党,工商管理,硕士,"1985,1989,1995,1996,1999,2000,2003,2005,2009,2011,2012,2014,2015,2016,2016,2017"
张轩,女,汉族,1958,河北,1979,中国共产党,法学,学士,"1975,1976,1981,1981,1985,1985,1992,1997,1997,2001,2001,2002,2007,2007,2007,2013,2013,2013"
张安疆,男,汉族,1971,甘肃,,,工学,硕士,"1990,1994,1997,1998,2002,2004,2008,2010,2012,2012,2016,2018,2019,2020"
左永祥,男,重庆长寿人,汉族,19,1993,中国共产党,工商管理,硕士,"1987,1991,1994,1997,1998,2001,2002,2007,2012,2015,2016,2018,2019,2019,2020"
曹清尧,男,湖南新化人,汉族,19,1986,中国共产党,农学,学士,"1982,1986,1991,1993,1993,1994,1995,1997,2001,2002,2004,2009,2009,2010,2011,2012,2016"
常斌,男,汉族,1969,四川,1995,中国共产党,文学,学士,"1995,2007,2015,2016,2018"
穆红玉,女,汉族,1963,山东,1984,中国共产党,法律,硕士,"1980,1984,1986,1994,2000,2001,2009,2009,2010,2011,2013,2014,2015,2016,2016,2018,2018,2018,2019"
唐小平,男,重庆忠县人,汉族,19,1992,中国共产党,高级管理人员工商管理,硕士,"1984,1988,1994,1995,1996,1997,1999,2000,2000,2002,2005,2005,2009,2011,2013,2014,2017"
王炯,男,汉族,1964,河南,1984,中国共产党,工程,硕士,"1981,1985,1988,1988,1990,1992,1992,1994,1994,1996,1996,1998,2000,2001,2002,2002,2008,2008,2011,2014,2017,2018"
李春奎,男,重庆大足人,汉族,19,1995,中国共产党,高级工商管理,硕士,"1987,1991,1996,1997,1997,2001,2003,2007,2010,2010,2010,2011,2011,2012,2015"
张学锋,男,重庆市渝中区人,汉族,19,1987,中国共产党,四川师范大学本科、理学,学士,"1980,1984,1991,1991,1997,1998,1999,2003,2005,2006,2010,2011,2013"
秦文敏,男,重庆巫溪人,汉族,19,1987,中国共产党,历史学,学士,"1984,1988,1995,1997,2000,2000,2004,2007,2008,2009,2012,2014,2017,2018"
杨晓云,男,重庆南岸人,汉族,19,1991,中国共产党,高级工商管理,硕士,"1987,1991,1992,1993,1995,1997,1998,1999,2000,2001,2003,2004,2006,2009,2011,2014,2014,2017"
辛国荣,男,重庆市北碚区人,汉族,19,1991,中国共产党,市委党校研究生、农业推广,硕士,"1982,1995,1997,1997,2001,2001,2003,2007,2011,2011,2012,2012,2012,2015,2017"
程志毅,男,汉族,1963,四川,1981,中国共产党,理学,硕士,"2006,2008,2009,2016"
莫恭明,男,汉族,1962,广西,1988,中国共产党,新加坡南洋理工大学公共管理,硕士,"2017,2017,2018"
蹇泽西,男,重庆江津区人,汉族,19,1990,中国共产党,管理经济学,硕士,"1981,1985,1994,1996,1997,1999,2000,2003,2007,2010,2010,2012,2012,2015,2016"
蓝庆华,男,汉族,1966,重庆,1987,中国共产党,全日制,博士,
颜伟,男,汉族,1973,研究,,,研究生学历(文学,硕士,"2017,2019"
屈谦,男,汉族,1960,四川,,,理学,硕士,"1978,1983,1993,1995,1997,1998,2002,2004,2006,2007,2013,2016,2017,2017,2020"
胡文容,男,福建莆田人,1964,同济,教授。1990,中国共产党,工学,博士,"1996,2004,2006,2009,2009,2011,2013,2014,2017,2017"
代小红,女,重庆市綦江县人,汉族,19,1985,中国共产党,工学,硕士,"1983,1987,1990,1991,1997,1998,2000,2003,2009,2009,2010,2015,2015,2015"
滕宏伟,男,安微颖上人,汉族,19,1985,中国共产党,工学,博士,"1982,1986,1990,1997,1998,2000,2000,2003,2009,2014,2016"
何庆,男,汉族,1968,四川,1988,中国共产党,管理学,硕士,"1986,1989,1992,1995,1996,1997,1997,1999,2001,2003,2003,2004,2006,2007,2012,2015,2017,2018"
赵世庆,男,重庆九龙坡人,汉族,19,1986,中国共产党,工程管理,硕士,"1979,1982,1987,1993,1993,1994,1995,1997,1997,1998,1999,2000,2003,2004,2006,2008,2009,2010,2012,2013,2013,2016"
段成刚,男,重庆市江北区人,汉族,19,1985,中国共产党,高级管理人员工商管理,硕士,"1980,1983,1985,1988,1993,1994,1997,1998,2001,2001,2003,2003,2006,2007,2014,2016,2016,2018,2018"
陆克华,男,汉族,1964,安徽,1984,中国共产党,农学,硕士,"1982,1986,1989,1994,1996,1998,2000,2004,2008,2015,2018"
罗成,男,重庆荣昌人,汉族,19,1991,中国共产党,,硕士,"1988,1992,1994,1997,2001,2003,2010,2011,2013,2014"
于会文,男,中共党员,满族,19,,,理学,硕士,"1993,1994,1997,1998,1999,2001,2001,2001,2002,2005,2010,2014,2014,2014,2015,2015,2016,2016,2017,2018,2019"
郑向东,男,汉族,1968,四川,1988,中国共产党,管理学,博士,"1986,1990,1997,1999,2000,2002,2002,2004,2006,2012,2012,2016,2019,2019,2019,2020,2020"
种及灵,男,山东藤县人,汉族,19,1986,中国共产党,法学,博士,"1982,1986,1998,1998,1999,2000,2003,2006,2007,2009,2011,2013,2016"
李波,男,汉族,1972,重庆,2007,中国共产党,经济学博士、职业法律,博士,2019
曹邦兴,男,汉族,1973,重庆,1993,中共党员,重庆大学工程,硕士,"1992,1994,1996,1997,1998,2001,2003,2003,2005,2006,2010,2011,2015,2015"
贾晖,男,汉族,1975,重庆,1997,中国共产党,理学,硕士,"1994,1998,1999,2000,2003,2003,2005,2008,2009,2011,2013,2017,2018,2019,2020"
王凤朝,男,汉族,1965,四川,1986,中国共产党,管理学,博士,"1982,1986,1987,1993,1994,1996,1996,2000,2001,2004,2005,2007,2010,2010,2011,2013,2015,2015,2017,2019,2019"
邓小刚,男,汉族,1967,湖南,1991,中国共产党,管理学,博士,"1985,1989,1992,1994,1994,1994,1998,2001,2003,2003,2004,2005,2006,2011,2012,2012,2013,2016,2017"
范锐平,男,汉族,1966,湖北,1985,中国共产党,管理学、理学,硕士,"1984,1990,1993,1996,1997,2000,2001,2004,2006,2006,2009,2009,2011,2011,2012,2013,2017,2017"
罗文,男,汉族,1964,湖南,,,管理学,博士,"1981,1985,1997,2000,2003,2009,2015,2017,2019,2020,2020"
郭亨孝,男,汉族,1964,四川,1986,中国共产党,昆虫学,硕士,"1980,1984,1987,1990,1996,1998,2001,2001,2003,2014,2014,2016,2016"
吴群刚,男,汉族,1974,浙江,,,管理学,博士,"1992,1996,1999,2002,2004,2004,2005,2006,2007,2009,2011,2012,2013,2015,2015,2016,2017"
甘霖,男,汉族,1963,湖北,1984,中国共产党,法学,博士,"1978,1981,1988,1991,1999,2001,2003,2008,2008,2012,2016,2016"
张彤,男,汉族,1973,四川,1994,中国共产党,在职,博士,"1990,1994,1994,1997,1997,2000,2002,2005,2007,2007,2013,2013"
柯尊平,男,汉族,1956,陕西,1975,中国共产党,工学,博士,"1974,1977,1978,1982,1987,1989,1993,1995,1999,2000,2001,2001,2007,2013,2015,2015"
邹自景,男,汉族,1968,河北,,,法学,硕士,"1987,1991,1993,1996,1998,2000,2001,2002,2004,2006,2010,2010,2012,2016"
王菲,男,四川巴中人,汉族,19,1985,中国共产党,经济学,博士,"1982,1986,1987,1987,1988,1990,1992,1992,1994,1995,1995,1998,2000,2005,2010,2012,2012,2016,2016"
田向利,女,汉族,1963,邢台,1984,党,管理学,博士,"1981,1984,1985,1992,1995,1995,1996,2001,2003,2005,2006,2007,2008,2011,2012,2013,2013,2015,2017,2018"
王雁飞,男,汉族,1963,河北,1983,中国共产党,法学,硕士,"1979,1983,1986,1988,1993,1994,1997,1998,2001,2004,2006,2007,2008,2013,2015,2018"
杨兴平,男,汉族,1965,四川,1994,致公党,工程,硕士,"1981,1984,1996,1999,2001,2005,2006,2007,2008,2008,2012,2012,2013,2013,2016"
曲新勇,男,汉族,1961,山东,1981,中国共产党,在职教育：南京陆军指挥学院合同战术专业(研究生、合同战术,硕士,"1978,1980,1982,1984,1985,1986,1987,1988,1989,1990,1990,1991,1993,1997,2001,2002,2003,2007,2010,2013,2014,2017,2017,2020,2020"
杨林兴,男,土家族,1965,重庆,1991,中国共产党,哲学,学士,"1982,1986,1988,1990,1992,1993,1994,1995,1996,1998,1998,2002,2003,2006,2006,2008,2010,2014,2015,2015,2017,2017,2018,2019"
何礼,男,汉族,1965,四川,1990,中国共产党,理学,博士,"1984,1988,1991,1993,1994,1997,1997,2000,2001,2002,2004,2004,2007,2010,2013,2015,2016,2016,2017,2018,2019"
彭清华,男,汉族,1957,湖北,1976,中国共产党,管理学,博士,"1974,1975,1979,1983,1988,1988,1992,1997,1999,1999,2000,2001,2001,2003,2007,2009,2012,2013,2018,2019"
邵革军,男,汉族,1966,19,1991,中国共产党,,硕士,"1986,1988,1989,1992,1996,1997,1997,1998,2002,2006,2008,2008,2011,2011,2012,2013,2018"
郑莉,女,汉族,1969,山东,1998,中国共产党,工学,学士,"1986,1991,1996,1996,1999,2000,2003,2004,2005,2008,2010,2012,2013,2014,2015,2017,2018,2018,2018,2018,2019"
罗增斌,男,汉族,1967,四川,1993,中国共产党,理学,博士,"1986,1990,1991,1994,1996,2000,2003,2011,2011,2013,2013,2013,2017"
靳磊,男,汉族,1970,河南,1999,中国共产党,经济学,硕士,"1988,1992,2002,2003,2004,2008,2009,2011,2015,2015,2016,2018,2019"
元方,男,汉族,1974,陕西,,,工商管理,硕士,"1991,1995,2002,2005,2006,2006,2007,2007,2007,2008,2010,2015,2016,2016,2016,2018,2018,2018,2019"
吴旭,女,汉族,1970,四川,,,公共管理,硕士,"1988,1991,1996,1998,2000,2006,2009,2009,2011,2012,2013,2018,2018,2019"
何平,男,汉族,1964,四川,电子科大工商管理硕士（MBA）。1984,中国共产党,四川渠县人。西南财大经济学,学士,"1982,1986,1996,1999,2002,2002,2005,2007,2008,2012,2016"
罗强,男,汉族,1963,重庆,1985,中国共产党,理学,博士,"1978,1982,1984,1987,1988,1993,1993,1996,1996,1996,2002,2002,2005,2006,2006,2008,2010,2012,2015,2015,2016,2016,2017"
马波,男,土家族,1964,重庆,1986,中国共产党,管理学,硕士,"1980,1982,1988,1990,1993,1995,1996,2001,2001,2003,2005,2005,2015,2016"
兰开驰,男,汉族,1961,四川,1984,中国共产党,西南财大工商管理,硕士,"1978,1980,1982,1984,1986,1987,1993,1997,1998,1998,1999,2002,2003,2006,2006,2009,2009,2009,2011,2011,2011,2011,2013,2013,2013,2013,2014,2014,2017"
慕新海,男,汉族,1962,吉林,1990,中国共产党,外交学,博士,"2009,2014,2017"
尹力,男,汉族,1962,山东,1983,中国共产党,医学,博士,"1980,1986,1988,1993,1994,1997,1999,2003,2003,2006,2008,2012,2013,2015,2015,2016,2016"
曲木史哈,男,彝族,1960,四川,1985,中国共产党,法学,学士,"1976,1981,1982,1986,1988,1989,1990,1996,2002,2003,2004,2009,2011,2011,2016,2016,2018"
王正谱,男,汉族,1963,山东,1987,中国共产党,,学士,"1983,1987,1990,1993,1994,1997,1997,2000,2002,2003,2008,2008,2010,2011,2014,2015,2016,2016,2018"
何树平,男,汉族,1968,四川,1987,中国共产党,教育学,硕士,"1984,1987,1993,1996,2002,2004,2005,2008,2009,2014,2014,2017,2017"
叶寒冰,男,汉族,1965,浙江,1985,中国共产党,高级管理人员工商管理,硕士,"1984,1986,1992,1997,2000,2004,2009,2012,2014,2018,2018"
李云泽,男,汉族,1970,山东,2001,中国共产党,经济学,博士,"1989,1993,1994,1995,1997,1999,2000,2001,2003,2003,2005,2008,2011,2015,2016,2018"
刘超,男,汉族,1971,辽宁,1990,中国共产党,,博士,"1989,1993,1994,2000,2002,2007,2009,2009,2011,2012,2012,2013,2015,2015,2018,2018"
包惠,女,汉族,1963,云南,1983,中国共产党,管理学,博士,"1980,1984,1984,1986,1987,1990,1993,1994,1996,1998,2001,2005,2007,2012,2012,2012,2013,2016,2016,2018"
彭琳,男,重庆人,1963,19,1986,中国共产党,研究生学历、工学,博士,"1980,1984,1991,1992,1994,1996,1996,1997,1998,2001,2002,2002,2003,2006,2008,2009,2011,2012,2013,2016"
胡元坤,男,汉族,1970,江苏,1991,中国共产党,管理学,博士,"1987,1991,1996,1999,1999,1999,2001,2004,2006,2012,2013,2014,2014,2014,2014,2017,2019,2020,2020"
曾卿,男,汉族,1969,四川,1995,中国共产党,经济学,硕士,"1987,1991,1992,1994,1997,2001,2001,2004,2007,2007,2008,2010,2012,2015,2017"
范波,男,汉族,1969,湖北,1990,中国共产党,中欧国际工商学院工商管理,硕士,"1987,1991,1997,1998,2000,2003,2009,2012,2016,2016,2018,2020"
李建勤,男,汉族,1963,江苏,1986,中国共产党,在职,博士,"1983,1987,1989,1992,1993,1996,1996,1998,1999,2002,2006,2008,2016,2016,2017,2018"
杨洪波,男,汉族,1960,四川,1988,中国共产党,理学,硕士,"1978,1982,1983,1990,1992,1992,1995,1996,2000,2003,2003,2009,2012,2016"
王一宏,男,汉族,1961,四川,1983,中国共产党,经济学,硕士,"1978,1984,1989,1990,1993,1994,1997,2000,2002,2003,2008,2013,2018,2018,2018,2020,2020,2020"
陈少荣,男,籍贯贵州纳雍,1966,穿青,1994,中国共产党,工学,学士,"1983,1987,1988,1989,1992,1993,1995,1999,2001,2003,2006,2011,2011,2012,2012,2014,2017,2018"
罗强,男,苗族,1970,贵州,1998,中国共产党,研究生工学,博士,"1988,1992,1997,1999,1999,2001,2004,2009,2012,2013,2016,2017,2018"
陶长海,男,汉族,1963,重庆,1985,中国共产党,高级管理人员工商管理,硕士,"1980,1982,1987,1989,1991,1993,1995,1995,1997,1998,2006,2007,2009,2011,2011,2012,2016,2017,2018"
刘捷,男,汉族,1970,江苏,1996,党,工学,博士,"1988,1992,1996,1998,1998,2000,2003,2003,2003,2005,2008,2011,2011,2011,2012,2013,2016,2016,2018"
陈晏,男,汉族,1963,江苏,1986,中国共产党,经济学,学士,"1982,1986,1995,1996,1997,2000,2002,2004,2005,2011,2012,2012,2015,2015,2016,2017,2018,2019"
谭炯,男,汉族,1966,湖北,1993,中国共产党,经济学,博士,"1983,1988,1990,1993,1994,1997,1998,2003,2006,2007,2011,2013,2015,2015,2015,2016,2017,2019,2019"
孙志刚,男,汉族,1954,河南,1976,中国共产党,经济学,博士,"1971,1973,1973,1976,1980,1983,1985,1986,1987,1992,1993,1996,1999,1999,2002,2002,2002,2006,2006,2010,2013,2015,2016,2016,2017,2017,2018"
魏树旺,男,汉族,1967,河北,1990,中国共产党,法学,博士,"1983,1986,1986,1988,1992,1996,2001,2006,2006,2006,2009,2010,2010,2012,2012,2013,2013,2014,2015,2015,2016,2018,2018,2018,2019,2019,2019"
李刚,男,汉族,1972,贵州,1992,中国共产党,历史学,硕士,"1991,1996,1999,2000,2002,2002,2004,2008,2008,2012,2012,2013,2016,2017,2017"
赵德明,男,瑶族,1963,广西,1985,中国共产党,高级管理人员工商管理,硕士,"1981,1983,1984,1984,1986,1993,1995,1996,1998,1999,2000,2003,2004,2004,2009,2009,2013,2016,2018,2018,2019"
吴强,男,侗族,1966,湖南,1994,中国共产党,工程,硕士,"1984,1988,1994,1996,2001,2002,2008,2009,2011,2011,2012,2012,2016,2018"
陈昌旭,男,籍贯、出生地贵州绥阳,汉族,19,1990,中国共产党,中央党校政治理论专业毕业；项目管理,硕士,"1988,1991,1992,1993,1995,1997,1998,2000,2001,2002,2002,2002,2007,2008,2011,2012,2012,2016"
黄伟,男,中共党员,汉族,贵州,,,工商管理,硕士,"1992,1988,1992,1992,1993,1993,1996,1996,1999,1999,1999,1999,2000,2000,2001,2001,2004,2004,2006,2006,2008,2008,2012,2012,2015,2015,2015,2015,2017,2017,2019,2019,2020,2020"
吴胜华,男,布依族,1966,贵州,1994,中国共产党,哲学,硕士,"1984,1988,1992,1995,1996,1997,1999,2000,2001,2003,2004,2004,2005,2007,2007,2011,2012,2012,2013,2015,2016,2017"
王世杰,男,汉族,1966,浙江,,,理学,博士,"1981,1985,1988,1992,1995,1997,2002,2007,2008,2010,2011,2012,2012,2017,2018"
胡忠雄同志,男,汉族,1966,湖南,1985,中国共产党,哲学,博士,"1982,1986,1989,1991,1995,1997,2002,2003,2006,2011,2011,2015,2016,2018,2018,2020,2020"
陈训华,男,汉族,1961,贵州,1985,中国共产党,理学,学士,"1979,1983,1987,1991,1993,1999,2000,2003,2005,2005,2010,2015,2016,2016,2016,2017,2019,2019"
李玛琳,女,汉族,1963,云南,,,,博士,"1979,1984,1986,1987,1988,1988,1993,1994,1998,2001,2001,2010,2016,2017,2017,2017,2018"
张之政,男,彝族,1964,硕士,,,,硕士,"2013,2016,2017,2017"
卫星,男,汉族,1964,云南,云南昆明人。1984,中国共产党,,博士,"1987,1991,1992,1995,1998,2000,2002,2004,2006,2007,2011,2011,2013"
任军号,男,汉族,1963,陕西,陕西周至人。1983,中国共产党,在职,博士,"1980,1984,1991,1993,1996,1997,1997,1998,1998,1999,2001,2002,2005,2005,2005,2006,2007,2012,2013,2013,2017,2017,2018"
杨亚林,男,汉族,1964,在职,,,在职,硕士,2017
陈舜,男,汉族,1964,云南,云南镇雄人。1986,中国共产党,,博士,"1981,1985,1987,1988,1991,1994,1996,1997,1998,2000,2004,2004,2006,2007,2008,2011,2012,2016"
郑艺,男,汉族,1967,在职,,,在职,硕士,"2016,2016"
刘勇,男,纳西族,1967,云南,1987,中国共产党,在职,博士,"1985,1989,1989,1991,1992,1992,1996,1998,2001,2004,2005,2009,2012,2016,2018,2018,2018"
张秀兰,女,硕士研究生学历,苗族,麻栗,1992,中国共产党,,硕士,"1984,1984,1988,1996,1998,2001,2002,2003,2005,2005,2006,2006,2011,2013,2013,2015,2015"
宗国英,男,汉族,1963,河南,河南内黄人。1984,中国共产党,在职,博士,"2009,2010,2013,2014,2014,2015,2017,2017"
杨国宗,男,白族,1968,云南,1999,中国共产党,工商管理,硕士,"1986,1990,1997,1998,1999,2000,2002,2004,2004,2007,2007,2010,2013,2015,2016,2017,2020,2020,2020"
纳云德,男,傈僳族,1968,硕士,,,,硕士,"2015,2016,2016,2017"
杨浩东,男,汉族,1965,在职,,,在职,硕士,"2014,2015,2017"
阮成发,男,汉族,1957,湖北,1982,中国共产党,法学,博士,"1975,1978,1982,1985,1987,1992,1993,1994,1995,1997,1998,1999,2001,2002,2004,2007,2008,2008,2011,2011,2016,2017"
李石松,男,白族,1969,在职,,,在职,博士,"2019,2019"
杨军,男,汉族,1973,在职,,,在职,硕士,"1991,1995,1997,1999,2002,2002,2003,2004,2007,2007,2007,2011,2012,2016,2016"
迟中华,男,彝族,1967,在职,,,在职,硕士,"2015,2017,2017,2017"
董华,男,汉族,1961,云南,云南昭通人。1992,中国共产党,在职,硕士,"1978,1982,1991,1992,1993,1993,1995,1997,2000,2001,2001,2002,2003,2005,2005,2011,2013,2015,2015"
王喜良,男,汉族,1963,在职,,,在职,博士,"2015,2016"
陈豪,男,汉族,1954,江苏,江苏海门人。1976,党,在职,硕士,"1973,1977,1978,1979,1979,1983,1985,1990,1990,1992,1993,1993,1995,1996,1997,1998,1999,2003,2003,2010,2011,2013,2014,2015,2016,2016,2017"
刘慧晏,男,汉族,1964,山东,1987,党,,博士,"1980,1984,1987,1994,1996,1998,1999,2001,2002,2007,2007,2012,2016,2017,2017"
程连元,男,汉族,1961,北京,1982,中国共产党,工学,学士,"2012,2015,2016"
杨斌,男,彝族,1966,在职,,,在职,硕士,"2015,2016,2017"
陈坚,男,汉族,1961,云南,,,清华大学公共管理专业,硕士,"1978,1982,1989,1991,1996,2001,2012,2012,2017"
郭大进,男,汉族,1974,安徽,1995,中国共产党,在职,博士,"1992,1996,2000,2002,2003,2008,2012,2014,2015,2015"
张德华,男,汉族,1966,江苏,1989,中国共产党,,硕士,"1989,1992,1994,1996,2000,2005,2006,2009,2009,2016,2016,2017"
张太原,男,汉族,1961,山西,1983,中国共产党,,博士,"1976,1978,1980,1981,1983,1984,1988,1992,1995,1996,2000,2002,2002,2004,2009,2010,2011,2015,2016,2017,2017,2017"
姜杰,男,汉族,1965,山东,1985,中国共产党,,博士,"1981,1985,1991,1993,1994,1998,2000,2002,2003,2004,2004,2005,2011,2011,2011,2011,2012,2013,2013,2016,2016,2017"
任维,男,汉族,1976,陕西,1997,中国共产党,,博士,"1993,1998,2003,2007,2008,2009,2016,2017,2018,2018,2020"
张永泽,男,汉族,1969,云南,,,工学,博士,"1987,1991,1994,1997,1998,1998,2001,2003,2008,2009,2012,2015,2016,2017,2017"
罗梅,女,藏族,1969,西藏,1994,中国共产党,工商管理,硕士,"1987,1990,1993,1998,1999,2000,2003,2006,2008,2016,2018"
许成仓,男,汉族,1963,安徽,1990,中国共产党,公共管理,硕士,"1981,1985,1991,1994,1996,2000,2002,2008,2012,2014,2016,2017,2018"
王卫东,男,汉族,1968,山西,1993,中国共产党,工程,硕士,"1987,1991,1992,1998,1999,2000,2003,2004,2005,2006,2010,2013,2014,2014,2016,2018,2019,2019,2020"
石谋军,男,苗族,1968,湖南,1990,中国共产党,农业推广,硕士,"1987,1991,1991,1997,1997,2000,2001,2004,2008,2008,2010,2013,2014,2014,2017"
汪海洲,男,汉族,1967,甘肃,1987,中国共产党,工商管理,硕士,"2008,2011,2011,2015,2016"
庄严,男,汉族,1967,吉林,1985,中国共产党,经济学,硕士,"1984,1988,1990,1998,2000,2004,2006,2006,2007,2009,2010,2012,2015,2016,2017,2017"
陈永奇,男,汉族,1967,山西,1985,中国共产党,哲学,博士,"1985,1989,1992,1993,1997,1998,2000,2004,2006,2008,2009,2011,2011,2011,2013,2013,2015,2018,2018,2019"
丁业现,男,汉族,1960,山东,1990,中国共产党,,博士,"1978,1985,1988,1989,1993,1996,1998,2000,2003,2009,2010,2013,2015,2016,2016,2017"
魏建锋,男,河南禹州人,1966,研究,1996,中国共产党,,博士,"1984,1988,1991,1997,1999,1999,2000,2000,2001,2004,2011,2011,2013,2013,2017,2019"
王兴宁,男,汉族,1964,湖南,1986,中国共产党,历史学,硕士,"2017,2018,2019"
牛一兵,男,汉族,1966,河北,1985,中国共产党,法学,学士,"1984,1988,1994,1998,1998,1999,2000,2000,2001,2007,2008,2010,2015,2016,2017,2018,2018"
李明远,男,汉族,1965,陕西,1999,中国共产党,工学,博士,"1983,1988,1991,1995,1997,2001,2002,2004,2011,2013,2015,2015,2018,2019,2019"
李婧,女,汉族,1968,陕西,1988,中国共产党,工商管理,硕士,"1989,2003,2004,2008,2009,2010,2012,2017,2017,2017,2018"
姜锋,1960年5月生,汉族,男,陕西,1987,中国共产党,高级管理人员工商管理,硕士,"2015,2017,2018,2020"
胡和平,男,汉族,1962,山东,1982,中国共产党,工学,博士,"1980,1986,1990,1992,1995,1996,1997,2000,2002,2003,2004,2006,2006,2007,2008,2013,2015,2015,2016,2016,2016,2016,2017,2018"
王琳,男,汉族,1970,山东,1996,中国共产党,公共管理,硕士,"2019,2020"
郭青,男,汉族,1963,河北,1984,中国共产党,哲学,博士,"1980,1982,1984,1985,1991,1992,1995,1996,2000,2003,2003,2007,2011,2011,2012,2013,2014,2018"
方光华,男,汉族,1965,湖南,,,历史学,博士,2018
岳亮,男,汉族,1961,河北,1985,党,研究生学历、水文地质与工程地质专业、理学,博士,"1978,1982,1994,1996,1998,1999,2004,2010,2014,2015"
王建军,男,汉族,1963,陕西,1984,中国共产党,大学学历、公共管理,硕士,"1981,1983,1986,1986,1991,1994,1997,1998,2002,2003,2009,2010,2013,2014,2017,2017"
薛占海,男,汉族,1963,陕西,1985,中国共产党,经济学,博士,"1983,1987,1990,1991,1992,1996,1997,2000,2002,2004,2006,2007,2010,2011,2014,2016,2017"
方红卫,男,汉族,1966,陕西,1987,中国共产党,工学,博士,"1984,1989,1990,1995,1996,1996,1998,2001,2002,2008,2010,2012,2013,2013,2015,2015,2016,2016,2017,2017"
刘国中,男,汉族,1962,黑龙,1986,党,工学,硕士,"1978,1982,1985,1988,1990,1993,1996,1998,2000,2003,2004,2007,2011,2013,2016,2016,2017,2017,2018"
徐新荣,1962年4月生,汉族,男,陕西,1984,中国共产党,高级管理人员工商管理,硕士,2015
梁桂,男,汉族,1964,安徽,1993,中国共产党,理学,博士,"1980,1984,1988,1993,1996,1998,1999,2000,2001,2002,2004,2005,2010,2011,2013,2015,2015,2016,2017,2017,2018"
李智远,男,汉族,1969,陕西,工商管理硕士。1991,中国共产党,工商管理,硕士,"1989,1991,1992,1998,1999,2002,2003,2005,2006,2007,2009,2010,2011,2012,2014,2014,2015,2015,2016,2016,2018,2018"
郭永红,女,汉族,1968,湖北,1990,中国共产党,文学,学士,"1986,1990,1992,1994,1995,1997,1999,2001,2001,2002,2005,2005,2006,2007,2011,2011,2016,2016,2016,2016,2017,2018,2019"
张广智,1961年8月生,汉族,男,山东,1985,中国共产党,理学,学士,"2013,2014,2016"
卢建军,男,汉族,1962,山东,1992,中国共产党,工商管理,硕士,2019
赵刚,男,汉族,1968,辽宁,1987,中国共产党,工学硕士、高级管理人员工商管理,硕士,"2017,2017,2018"
卫华,女,河南许昌人,1968,大学,1988,中国共产党,理学,学士,"2002,2005,2006,2008,2011,2012,2013,2013"
庄长兴,1962年11月生,汉族,男,陕西,1983,中国共产党,高级管理人员工商管理,硕士,"2013,2013,2017,2017,2018"
赵俊民,男,汉族,1968,河南,1996,中国共产党,"研究生学历,经济学",博士,"1986,1990,1998,1999,2002,2006,2008,2012,2013,2013,2016,2016,2017,2017,2017"
魏增军,男,汉族,1960,陕西,1982,中国共产党,高级管理人员工商管理,硕士,"1978,1982,1986,1991,1994,1998,2000,2004,2005,2005,2006,2007,2007,2012,2013,2014,2017,2017,2018,2018,2020"
戴征社,1960年11月出生,汉族,男,陕西,,,北京大学高级管理人员工商管理,硕士,"1995,2001,2011,2013,2013,2017,2018"
徐大彤,男,汉族,1970,天津,1991,中国共产党,经济学,硕士,"2008,2010,2014,2017,2017,2018,2019"
郑光照,男,汉族,1966,陕西,1998,中国共产党,经济学,学士,2016
苏君,女,汉族,1966,江苏,1991,中国共产党,公共管理,硕士,"1981,1984,1990,1992,1994,1996,1997,2002,2005,2008,2013,2015,2017"
张旭晨,男,汉族,1969,中共,,,管理学,博士,"1994,1998,1999,2001,2004,2007,2010,2013,2015,2015"
宋亮,男,汉族,1963,河北,1990,中国共产党,经济学,硕士,"1981,1985,1989,1993,1994,1996,2000,2003,2004,2004,2011,2014,2015,2016,2017,2018"
欧阳坚,男,白族,1957,云南,1986,中国共产党,管理学,博士,"1974,1977,1978,1982,1986,1989,1990,1991,1994,1996,1997,2001,2003,2004,2005,2008,2011,2011,2017,2017,2018"
张伟文,男,汉族,1966,籍贯,1994,中国共产党,工学,硕士,"1986,1990,1996,2001,2003,2005,2008,2017,2018"
王立奇,男,汉族,1977,辽宁,1995,中国共产党,工学,硕士,"1995,2000,2003,2003,2005,2007,2008,2010,2011,2011,2012,2013,2013,2015,2016,2018,2019,2020"
孙伟,男,汉族,1961,山东,1988,中国共产党,理学,学士,"1977,1979,1983,1987,1988,1992,1999,2000,2003,2004,2008,2011,2012,2012,2017,2017"
郭承录,男,汉族,1962,甘肃,1986,中国共产党,理学,博士,"1980,1983,1985,1987,1992,1994,1996,2000,2000,2002,2002,2005,2008,2008,2011,2017,2018"
孙雪涛,男,汉族,1966,安徽,1985,中国共产党,工学,博士,"1984,1988,1991,1993,1994,1997,2000,2003,2006,2008,2009,2011,2011,2011,2013,2020"
李沛兴,男,汉族,1964,甘肃,1992,中国共产党,理学,硕士,"1982,1986,1995,1997,1998,1998,2001,2004,2007,2007,2008,2009,2014,2018"
王锐,男,汉族,1963,内蒙,1985,中国共产党,历史学,学士,"1981,1985,1987,1990,1993,1997,2000,2001,2004,2008,2011,2013,2018,2018"
程晓波,男,汉族,1972,山西,1992,中国共产党,在职获管理学,博士,"1994,1996,1998,2003,2012,2014,2016,2019,2019,2020"
吴仰东,男,汉族,1963,甘肃,1987,中国共产党,经济学,学士,"1979,1983,1992,1998,2001,2001,2001,2008,2008,2011,2012,2018"
李荣灿,男,汉族,1966,浙江,1987,中国共产党,对外经济贸易大学工商管理,硕士,"1985,1989,1993,1994,1995,1998,2002,2003,2006,2009,2010,2011,2012,2013,2015,2016"
常正国,男,汉族,1964,甘肃,1987,中国共产党,,硕士,"1983,1987,1991,1993,1994,1995,1997,2001,2004,2004,2004,2005,2006,2009,2011,2011,2011,2013,2016,2018"
唐仁健,男,汉族,1962,重庆,1991,中国共产党,经济学,博士,"1979,1983,1987,1989,1990,1993,1994,1998,1998,2000,2005,2006,2006,2014,2014,2015,2016,2017,2017,2017"
杨建武,男,汉族,1966,江苏,1987,党,工学,硕士,"2010,2010,2015,2016,2016"
马廷礼,男,回族,1963,宁夏,1985,中国共产党,工程,硕士,"1979,1983,1984,1988,1991,1993,1993,1996,1999,2000,2003,2006,2006,2007,2008,2010,2011,2011,2013,2015,2015,2017,2019"
李元平,男,汉族,1962,籍贯,1984,中国共产党,,硕士,"2014,2016,2018"
胡焯,男,汉族,1963,江西,1986,中国共产党,高级管理人员工商管理,硕士,"1981,1983,1992,1994,1997,1999,2000,2003,2004,2005,2008,2011,2011,2015,2015,2015,2018,2018"
王嘉毅,男,汉族,1965,宁夏,1985,中国共产党,教育学,博士,"1984,1988,1991,1994,1994,1996,1998,1999,2001,2011,2012,2013,2017,2017"
张世珍,男,汉族,1963,甘肃,,,农学,博士,"1981,1985,1988,2000,2002,2005,2007,2007,2008,2008,2018"
刘昌林,男,汉族,1962,重庆,1985,中国共产党,公共管理,硕士,"1981,1985,1988,1990,1992,2001,2003,2004,2007,2008,2010,2011,2013,2015,2016,2018"
公保扎西,男,藏族,1962,青海,1983,中国共产党,工商管理,硕士,"1996,2000,2000,2003,2006,2006,2011,2016,2016,2017"
刘宁,男,汉族,1962,吉林,1990,中国共产党,工学,博士,"1978,1983,1996,1998,2001,2002,2003,2009,2009,2012,2016,2017,2017,2017,2018,2018"
杨逢春,男,汉族,1963,江西,1984,中国共产党,法学,硕士,"1981,1984,1989,1992,1996,1997,2001,2003,2008,2009,2010,2011,2016,2017"
杨志文,男,回族,1971,宁夏,1992,中国共产党,法学,博士,"2018,2020"
王晓,男,汉族,1968,山东,1987,中国共产党,管理学,硕士,"1995,1995,1997,2000,2002,2003,2009,2013,2015"
王宇燕,女,汉族,1966,河南,1986,中国共产党,工商管理,硕士,"2002,2003,2006,2008,2008,2011,2012,2015,2015,2017,2017"
鸟成云,男,回族,1963,青海,1985,中国共产党,经济学,博士,"1981,1985,1993,1995,1997,1998,2002,2003,2005,2010,2010,2013,2015,2015,2017,2018"
訚柏,男,纳西族,1969,北京,1988,中国共产党,法学,博士,"2006,2013,2013,2014,2016,2016,2018"
刘涛,男,汉族,1966,安徽,1988,中国共产党,高级管理人员工商管理,硕士,"1982,1986,1990,1993,1995,1997,2003,2003,2004,2005,2006,2007,2009,2010,2011,2016,2018,2018,2019,2019"
王黎明,男,甘肃酒泉人,1962,19,1985,中国共产党,同济大学管理科学与工程专业,硕士,"1982,1991,1996,1998,2003,2008,2015,2015,2016"
匡湧,男,汉族,1963,江苏,,,获工学,学士,"1980,1984,1989,1992,1993,1994,1994,1995,1997,2002,2004,2007,2008,2009,2014,2014"
于丛乐,男,汉族,1961,河北,1984,中国共产党,西北大学管理学,硕士,"2000,2008,2008,2011,2013,2017,2017"
严金海,男,藏族,1962,青海,1983,中国共产党,文学,学士,"1993,1996,1998,2005,2005,2008,2013,2013,2017"
滕佳材,男,汉族,1964,辽宁,1985,中国共产党,法律,硕士,"2000,2001,2003,2004,2008,2010,2012,2013,2017,2018"
张晓容,男,汉族,1963,青海,1983,中国共产党,研究生学历、工学,博士,"1978,1982,1984,1985,1989,1990,1992,1993,1997,1999,1999,2001,2001,2003,2011,2013,2013,2015,2015"
张超超,男,汉族,1967,河南,1987,中国共产党,农学,博士,"1986,1990,1992,1995,1996,1997,1998,1998,2002,2003,2005,2006,2009,2011,2012,2013,2014,2017"
张韵声,男,汉族,1964,黑龙,1985,中国共产党,法学,博士,"1981,1985,1988,1990,1994,1995,1996,1998,1999,2001,2003,2003,2003,2007,2008,2011,2012,2015,2017,2018"
张利,男,汉族,1976,河南,1997,中国共产党,工学,博士,"2016,2016,2019,2020"
崔波,男,汉族,1957,山东,1975,党,工商管理,硕士,"1976,1984,1985,1986,1991,1992,1994,1995,1998,2001,2003,2003,2004,2011,2011,2012,2013,2017,2017,2018"
王和山,男,汉族,1964,宁夏,1985,中国共产党,农学,硕士,"1981,1996,1999,2003,2008,2013,2013"
咸辉,女,回族,1958,甘肃,1976,中国共产党,管理学,博士,"1975,1978,1982,1986,1988,1993,1999,2000,2000,2003,2004,2007,2008,2012,2013,2015,2016,2016,2016"
赵永清,男,汉族,1963,山东,1989,中国共产党,公共管理,硕士,"1980,1982,1987,1991,1995,1996,1996,1998,2003,2004,2007,2011,2011,2012,2013,2013,2017,2018,2019"
杨东,男,汉族,1962,山东,1988,中国共产党,法学,学士,"1980,1984,1988,1996,1998,1998,1999,2005,2009,2012,2015,2018,2019"
刘可为,男,汉族,1964,湖南,1987,中国共产党,工商管理,硕士,"1980,1982,1985,1989,1993,1995,1999,2002,2008,2008,2010,2012,2014,2016"
马汉成,男,回族,1968,宁夏,1987,中国共产党,经济学,学士,"1986,1990,1993,1996,1997,1999,2002,2003,2005,2005,2007,2008,2009,2012,2012,2012,2018"
姜志刚,男,汉族,1960,江苏,1986,中国共产党,工程,硕士,"1978,1982,1985,1989,1991,1992,1992,1994,1998,1999,2001,2001,2003,2003,2003,2011,2013,2017,2017"
杨培君,男,汉族,1961,陕西,,,工学,硕士,"1979,1983,1986,1989,1995,1997,2004,2006,2007,2008,2010,2015,2017,2017,2018"
赖蛟,男,汉族,1972,重庆,1992,中国共产党,管理经济学,硕士,"1991,1995,1996,1997,1998,2004,2006,2009,2012,2013,2013,2016,2016,2020"
李金科,男,满族,1968,辽宁,1996,中国共产党,理学,学士,"1989,1993,1995,2000,2001,2003,2003,2008,2011,2014,2015,2017,2017,2017,2018,2018,2019"
吴秀章,男,汉族,1966,山东,1996,中国共产党,工学,博士,"1982,1986,1989,1999,2000,2002,2003,2004,2005,2008,2010,2015,2016,2019,2019"
沈左权,男,汉族,1963,浙江,1987,中国共产党,工学硕士和公共管理,硕士,"2016,2016,2017"
张春林,男,汉族,1965,四川,1986,中国共产党,经济学,博士,"1982,1986,1989,1993,1993,1994,1994,1998,1998,2000,2000,2006,2011,2011,2013,2013,2017,2018"
安征宇,男,汉族,1963,河北,1985,中国共产党,法学,硕士,"1981,1983,1987,1989,1991,1994,1996,1998,2000,2001,2004,2008,2011,2012,2015,2015,2017,2017"
哈丹·卡宾,男,哈萨克族,1969,新疆,2000,党,,博士,
王君正,男,汉族,1963,山东,1987,党,管理学,博士,"1981,1985,1988,1993,1994,1995,1998,1998,2000,2003,2003,2005,2007,2007,2007,2009,2012,2013,2013,2013,2013,2016,2019,2020,2020"
雪克来提·扎克尔,男,维吾尔族,1953,新疆,1985,中国共产党,高级管理人员工商管理,硕士,"1970,1972,1974,1978,1980,1984,1988,1992,1993,1997,1997,2000,2000,2001,2005,2006,2009,2011,2013,2014,2014,2015"
张文胜,男,汉族,1968,河南,1989,党,工商管理,硕士,"1986,1990,1991,1993,1994,1995,1995,1997,2000,2001,2004,2005,2008,2010,2010,2015,2015,2016,2016,2017,2017"
王国和,男,汉族,1965,河南,1986,中国共产党,工程,硕士,"1984,1986,1987,1990,1993,1994,1997,1999,2001,2004,2006,2007,2008,2011,2011,2011,2015,2015,2016,2016,2017,2018"
赵冲久,男,汉族,1965,辽宁,1986,中国共产党,工学,博士,"1983,1987,1990,1994,1995,1997,1999,2007,2008,2009,2011,2014,2016,2017"
金之镇,男,回族,1970,江苏,1991,党,经济学,硕士,"1987,1991,1994,1997,1999,2001,2005,2005,2008,2009,2011,2012,2012,2013,2014,2016,2016,2018,2018,2018,2018,2019"
徐海荣,男,汉族,1964,重庆,1984,中国共产党,高级管理人员工商管理,硕士,"1981,1985,1987,1990,1993,1996,1997,1998,1999,2000,2003,2005,2007,2012,2013,2015,2016,2017,2017"
帕尔哈提·肉孜,男,维吾尔族,1960,新疆,1986,党,农业,硕士,2015
艾尔肯·吐尼亚孜,男,维吾尔族,1961,新疆,1983,中国共产党,经济学,硕士,"1980,1983,1987,1991,1992,1993,1998,1999,2005,2008,2014,2016"
陈全国,男,汉族,1955,河南,1976,中国共产党,管理学,博士,"1973,1977,1978,1981,1983,1985,1988,1992,1994,1996,1998,2000,2001,2003,2004,2009,2010,2011,2016,2017"
李邑飞,男,汉族,1964,云南,1984,中国共产党,公共管理,硕士,"1980,1985,1986,1996,1998,2000,2001,2001,2003,2005,2006,2009,2010,2011,2012,2015,2016,2016,2017,2017,2020,2020"
邱树华,女,汉族,1961,河南,1985,中国共产党,高级管理人员工商管理,硕士,"1979,1984,1988,1993,1996,1996,1998,2000,2002,2005,2008,2008,2011,2015,2018,2020"
吉尔拉•衣沙木丁,男,维吾尔族,1962,新疆,1986,中国共产党,高级工商管理,硕士,"1980,1982,1988,1990,1991,1992,1994,1995,1998,1999,2005,2008,2009,2013"
